[26-Sep-2026 11:47:01 America/Sao_Paulo] PHP Warning:  require_once(C:\xampp\htdocs\guinchafacil\src\Models\Usuario.php): Failed to open stream: Permission denied in C:\xampp\htdocs\guinchafacil\src\Services\TelegramNotificationService.php on line 3
[26-Sep-2026 11:47:01 America/Sao_Paulo] PHP Fatal error:  Uncaught Error: Failed opening required 'C:\xampp\htdocs\guinchafacil\src\Services/../Models/Usuario.php' (include_path='C:\xampp\php\PEAR') in C:\xampp\htdocs\guinchafacil\src\Services\TelegramNotificationService.php:3
Stack trace:
#0 C:\xampp\htdocs\guinchafacil\src\Services\PushNotificationService.php(5): require_once()
#1 C:\xampp\htdocs\guinchafacil\src\Services\EspecialistaDispatchService.php(6): require_once('C:\\xampp\\htdocs...')
#2 C:\xampp\htdocs\guinchafacil\src\Services\Pedido\PedidoTransitionService.php(68): require_once('C:\\xampp\\htdocs...')
#3 C:\xampp\htdocs\guinchafacil\src\Services\ExpiracaoPedidosService.php(43): require_once('C:\\xampp\\htdocs...')
#4 C:\xampp\htdocs\guinchafacil\tools\cron_cancelar_pedidos_expirados.php(29): require_once('C:\\xampp\\htdocs...')
#5 {main}
  thrown in C:\xampp\htdocs\guinchafacil\src\Services\TelegramNotificationService.php on line 3
[26-Sep-2026 11:48:01 America/Sao_Paulo] PHP Warning:  require_once(C:\xampp\htdocs\guinchafacil\src\Models\Usuario.php): Failed to open stream: Permission denied in C:\xampp\htdocs\guinchafacil\src\Services\TelegramNotificationService.php on line 3
[26-Sep-2026 11:48:01 America/Sao_Paulo] PHP Fatal error:  Uncaught Error: Failed opening required 'C:\xampp\htdocs\guinchafacil\src\Services/../Models/Usuario.php' (include_path='C:\xampp\php\PEAR') in C:\xampp\htdocs\guinchafacil\src\Services\TelegramNotificationService.php:3
Stack trace:
#0 C:\xampp\htdocs\guinchafacil\src\Services\PushNotificationService.php(5): require_once()
#1 C:\xampp\htdocs\guinchafacil\src\Services\EspecialistaDispatchService.php(6): require_once('C:\\xampp\\htdocs...')
#2 C:\xampp\htdocs\guinchafacil\src\Services\Pedido\PedidoTransitionService.php(68): require_once('C:\\xampp\\htdocs...')
#3 C:\xampp\htdocs\guinchafacil\src\Services\ExpiracaoPedidosService.php(43): require_once('C:\\xampp\\htdocs...')
#4 C:\xampp\htdocs\guinchafacil\tools\cron_cancelar_pedidos_expirados.php(29): require_once('C:\\xampp\\htdocs...')
#5 {main}
  thrown in C:\xampp\htdocs\guinchafacil\src\Services\TelegramNotificationService.php on line 3
[26-Sep-2026 11:49:01 America/Sao_Paulo] PHP Warning:  require_once(C:\xampp\htdocs\guinchafacil\src\Models\Usuario.php): Failed to open stream: Permission denied in C:\xampp\htdocs\guinchafacil\src\Services\TelegramNotificationService.php on line 3
[26-Sep-2026 11:49:01 America/Sao_Paulo] PHP Fatal error:  Uncaught Error: Failed opening required 'C:\xampp\htdocs\guinchafacil\src\Services/../Models/Usuario.php' (include_path='C:\xampp\php\PEAR') in C:\xampp\htdocs\guinchafacil\src\Services\TelegramNotificationService.php:3
Stack trace:
#0 C:\xampp\htdocs\guinchafacil\src\Services\PushNotificationService.php(5): require_once()
#1 C:\xampp\htdocs\guinchafacil\src\Services\EspecialistaDispatchService.php(6): require_once('C:\\xampp\\htdocs...')
#2 C:\xampp\htdocs\guinchafacil\src\Services\Pedido\PedidoTransitionService.php(68): require_once('C:\\xampp\\htdocs...')
#3 C:\xampp\htdocs\guinchafacil\src\Services\ExpiracaoPedidosService.php(43): require_once('C:\\xampp\\htdocs...')
#4 C:\xampp\htdocs\guinchafacil\tools\cron_cancelar_pedidos_expirados.php(29): require_once('C:\\xampp\\htdocs...')
#5 {main}
  thrown in C:\xampp\htdocs\guinchafacil\src\Services\TelegramNotificationService.php on line 3
[26-Sep-2026 13:20:19 America/Sao_Paulo] [GeocodingService] Falha HTTP 0: Resolving timed out after 10004 milliseconds
[26-Sep-2026 13:43:49 America/Sao_Paulo] PHP Warning:  Undefined variable $pdo in C:\xampp\htdocs\guinchafacil\_check2.php on line 3
[26-Sep-2026 13:43:49 America/Sao_Paulo] PHP Fatal error:  Uncaught Error: Call to a member function query() on null in C:\xampp\htdocs\guinchafacil\_check2.php:3
Stack trace:
#0 {main}
  thrown in C:\xampp\htdocs\guinchafacil\_check2.php on line 3
[26-Sep-2026 13:44:59 America/Sao_Paulo] PHP Warning:  Undefined variable $pdo in C:\xampp\htdocs\guinchafacil\_check2.php on line 3
[26-Sep-2026 13:44:59 America/Sao_Paulo] PHP Fatal error:  Uncaught Error: Call to a member function query() on null in C:\xampp\htdocs\guinchafacil\_check2.php:3
Stack trace:
#0 {main}
  thrown in C:\xampp\htdocs\guinchafacil\_check2.php on line 3
[26-Sep-2026 14:41:05 America/Sao_Paulo] [GeocodingService] Falha HTTP 0: Resolving timed out after 10003 milliseconds
[26-Sep-2026 14:41:55 America/Sao_Paulo] [GeocodingService] Falha HTTP 0: Resolving timed out after 10007 milliseconds
[26-Sep-2026 14:42:50 America/Sao_Paulo] [GeocodingService] Falha HTTP 0: Resolving timed out after 10008 milliseconds
[26-Sep-2026 14:43:03 America/Sao_Paulo] [GeocodingService] Falha HTTP 0: Resolving timed out after 10012 milliseconds
[26-Sep-2026 14:43:14 America/Sao_Paulo] [GeocodingService] Falha HTTP 0: Resolving timed out after 10012 milliseconds
[26-Sep-2026 14:44:53 America/Sao_Paulo] [GeocodingService] Falha HTTP 0: Resolving timed out after 10007 milliseconds
[26-Sep-2026 14:45:28 America/Sao_Paulo] [GeocodingService] Falha HTTP 0: Resolving timed out after 10002 milliseconds
[26-Sep-2026 14:45:39 America/Sao_Paulo] [GeocodingService] Falha HTTP 0: Resolving timed out after 10009 milliseconds
[26-Sep-2026 14:49:20 America/Sao_Paulo] [GeocodingService] Falha HTTP 0: Resolving timed out after 10001 milliseconds
[26-Sep-2026 14:54:32 America/Sao_Paulo] [GeocodingService] Falha HTTP 0: Resolving timed out after 10015 milliseconds
[26-Sep-2026 14:55:36 America/Sao_Paulo] [GeocodingService] Falha HTTP 0: Resolving timed out after 10013 milliseconds
[26-Sep-2026 16:09:43 America/Sao_Paulo] [GeocodingService] Falha HTTP 0: Resolving timed out after 10003 milliseconds
[27-Sep-2026 00:15:30 America/Sao_Paulo] PHP Warning:  Undefined variable $whatsUrl in C:\xampp\htdocs\guinchafacil\src\Views\cliente\_precotacao_extras.php on line 75
[27-Sep-2026 00:15:30 America/Sao_Paulo] PHP Warning:  Undefined variable $whatsUrl in C:\xampp\htdocs\guinchafacil\src\Views\cliente\_precotacao_extras.php on line 76
[27-Sep-2026 00:18:13 America/Sao_Paulo] PHP Warning:  Undefined variable $whatsUrl in C:\xampp\htdocs\guinchafacil\src\Views\cliente\_precotacao_extras.php on line 75
[27-Sep-2026 00:18:13 America/Sao_Paulo] PHP Warning:  Undefined variable $whatsUrl in C:\xampp\htdocs\guinchafacil\src\Views\cliente\_precotacao_extras.php on line 76
[27-Sep-2026 00:21:19 America/Sao_Paulo] PHP Warning:  Undefined variable $whatsUrl in C:\xampp\htdocs\guinchafacil\src\Views\cliente\_precotacao_extras.php on line 75
[27-Sep-2026 00:21:19 America/Sao_Paulo] PHP Warning:  Undefined variable $whatsUrl in C:\xampp\htdocs\guinchafacil\src\Views\cliente\_precotacao_extras.php on line 76
[27-Sep-2026 00:21:33 America/Sao_Paulo] PHP Warning:  Undefined variable $whatsUrl in C:\xampp\htdocs\guinchafacil\src\Views\cliente\_precotacao_extras.php on line 75
[27-Sep-2026 00:21:33 America/Sao_Paulo] PHP Warning:  Undefined variable $whatsUrl in C:\xampp\htdocs\guinchafacil\src\Views\cliente\_precotacao_extras.php on line 76
[27-Sep-2026 00:22:07 America/Sao_Paulo] PHP Warning:  Undefined variable $whatsUrl in C:\xampp\htdocs\guinchafacil\src\Views\cliente\_precotacao_extras.php on line 75
[27-Sep-2026 00:22:07 America/Sao_Paulo] PHP Warning:  Undefined variable $whatsUrl in C:\xampp\htdocs\guinchafacil\src\Views\cliente\_precotacao_extras.php on line 76
[27-Sep-2026 00:26:49 America/Sao_Paulo] PHP Warning:  Undefined variable $whatsUrl in C:\xampp\htdocs\guinchafacil\src\Views\cliente\_precotacao_extras.php on line 75
[27-Sep-2026 00:26:49 America/Sao_Paulo] PHP Warning:  Undefined variable $whatsUrl in C:\xampp\htdocs\guinchafacil\src\Views\cliente\_precotacao_extras.php on line 76
[27-Sep-2026 00:30:17 America/Sao_Paulo] PHP Warning:  Undefined variable $whatsUrl in C:\xampp\htdocs\guinchafacil\src\Views\cliente\_precotacao_extras.php on line 75
[27-Sep-2026 00:30:17 America/Sao_Paulo] PHP Warning:  Undefined variable $whatsUrl in C:\xampp\htdocs\guinchafacil\src\Views\cliente\_precotacao_extras.php on line 76
[27-Sep-2026 00:30:45 America/Sao_Paulo] PHP Warning:  Undefined variable $whatsUrl in C:\xampp\htdocs\guinchafacil\src\Views\cliente\_precotacao_extras.php on line 75
[27-Sep-2026 00:30:45 America/Sao_Paulo] PHP Warning:  Undefined variable $whatsUrl in C:\xampp\htdocs\guinchafacil\src\Views\cliente\_precotacao_extras.php on line 76
[27-Sep-2026 00:30:51 America/Sao_Paulo] PHP Warning:  Undefined variable $whatsUrl in C:\xampp\htdocs\guinchafacil\src\Views\cliente\_precotacao_extras.php on line 75
[27-Sep-2026 00:30:51 America/Sao_Paulo] PHP Warning:  Undefined variable $whatsUrl in C:\xampp\htdocs\guinchafacil\src\Views\cliente\_precotacao_extras.php on line 76
[27-Sep-2026 00:32:31 America/Sao_Paulo] PHP Warning:  Undefined variable $whatsUrl in C:\xampp\htdocs\guinchafacil\src\Views\cliente\_precotacao_extras.php on line 75
[27-Sep-2026 00:32:31 America/Sao_Paulo] PHP Warning:  Undefined variable $whatsUrl in C:\xampp\htdocs\guinchafacil\src\Views\cliente\_precotacao_extras.php on line 76
[27-Sep-2026 00:32:50 America/Sao_Paulo] PHP Warning:  Undefined variable $whatsUrl in C:\xampp\htdocs\guinchafacil\src\Views\cliente\_precotacao_extras.php on line 75
[27-Sep-2026 00:32:50 America/Sao_Paulo] PHP Warning:  Undefined variable $whatsUrl in C:\xampp\htdocs\guinchafacil\src\Views\cliente\_precotacao_extras.php on line 76
[27-Sep-2026 00:33:51 America/Sao_Paulo] PHP Warning:  Undefined variable $whatsUrl in C:\xampp\htdocs\guinchafacil\src\Views\cliente\_precotacao_extras.php on line 75
[27-Sep-2026 00:33:51 America/Sao_Paulo] PHP Warning:  Undefined variable $whatsUrl in C:\xampp\htdocs\guinchafacil\src\Views\cliente\_precotacao_extras.php on line 76
[27-Sep-2026 00:34:16 America/Sao_Paulo] PHP Warning:  Undefined variable $whatsUrl in C:\xampp\htdocs\guinchafacil\src\Views\cliente\_precotacao_extras.php on line 75
[27-Sep-2026 00:34:16 America/Sao_Paulo] PHP Warning:  Undefined variable $whatsUrl in C:\xampp\htdocs\guinchafacil\src\Views\cliente\_precotacao_extras.php on line 76
[27-Sep-2026 00:42:12 America/Sao_Paulo] PHP Warning:  Undefined variable $whatsUrl in C:\xampp\htdocs\guinchafacil\src\Views\cliente\_precotacao_extras.php on line 75
[27-Sep-2026 00:42:12 America/Sao_Paulo] PHP Warning:  Undefined variable $whatsUrl in C:\xampp\htdocs\guinchafacil\src\Views\cliente\_precotacao_extras.php on line 76
[27-Sep-2026 00:42:24 America/Sao_Paulo] PHP Warning:  Undefined variable $whatsUrl in C:\xampp\htdocs\guinchafacil\src\Views\cliente\_precotacao_extras.php on line 75
[27-Sep-2026 00:42:24 America/Sao_Paulo] PHP Warning:  Undefined variable $whatsUrl in C:\xampp\htdocs\guinchafacil\src\Views\cliente\_precotacao_extras.php on line 76
[27-Sep-2026 01:00:02 America/Sao_Paulo] [cron_tokens] Tokens de reset removidos: 0
[27-Sep-2026 11:03:46 America/Sao_Paulo] PHP Warning:  file_get_contents(C:\Users\sores\AppData\Local\Temp/diag_cookies_6ab922427b62e.txt): Failed to open stream: No such file or directory in C:\xampp\htdocs\guinchafacil\diag-login-live.php on line 58
[27-Sep-2026 11:03:46 America/Sao_Paulo] PHP Warning:  session_regenerate_id(): Session ID cannot be regenerated when there is no active session in C:\xampp\htdocs\guinchafacil\src\Services\AuthService.php on line 251
[27-Sep-2026 11:40:00 America/Sao_Paulo] PHP Fatal error:  Cannot redeclare OficinaController::pedidosPage() in C:\xampp\htdocs\guinchafacil\src\Controllers\OficinaController.php on line 617
[27-Sep-2026 11:40:02 America/Sao_Paulo] PHP Fatal error:  Cannot redeclare OficinaController::pedidosPage() in C:\xampp\htdocs\guinchafacil\src\Controllers\OficinaController.php on line 617
[27-Sep-2026 11:40:04 America/Sao_Paulo] PHP Fatal error:  Cannot redeclare OficinaController::pedidosPage() in C:\xampp\htdocs\guinchafacil\src\Controllers\OficinaController.php on line 617
[27-Sep-2026 11:40:06 America/Sao_Paulo] PHP Fatal error:  Cannot redeclare OficinaController::pedidosPage() in C:\xampp\htdocs\guinchafacil\src\Controllers\OficinaController.php on line 617
[27-Sep-2026 11:40:07 America/Sao_Paulo] PHP Fatal error:  Cannot redeclare OficinaController::pedidosPage() in C:\xampp\htdocs\guinchafacil\src\Controllers\OficinaController.php on line 617
[27-Sep-2026 11:40:08 America/Sao_Paulo] PHP Fatal error:  Cannot redeclare OficinaController::pedidosPage() in C:\xampp\htdocs\guinchafacil\src\Controllers\OficinaController.php on line 617
[27-Sep-2026 16:03:12 America/Sao_Paulo] PHP Fatal error:  Cannot redeclare PedidoController::nomeEstadoParaUf() in C:\xampp\htdocs\guinchafacil\src\Controllers\PedidoController.php on line 312
[27-Sep-2026 23:47:35 America/Sao_Paulo] PHP Warning:  require_once(C:\xampp\htdocs\guinchafacil\src\Services\PreCotacao/../Configuracao.php): Failed to open stream: No such file or directory in C:\xampp\htdocs\guinchafacil\src\Services\PreCotacao\PreCotacaoOpcoesService.php on line 4
[27-Sep-2026 23:47:35 America/Sao_Paulo] [PreCotacaoApi::opcoes] Failed opening required 'C:\xampp\htdocs\guinchafacil\src\Services\PreCotacao/../Configuracao.php' (include_path='C:\xampp\php\PEAR')
[27-Sep-2026 23:54:20 America/Sao_Paulo] PHP Fatal error:  Class TestProvider may not inherit from final class (PhotonAddressProvider) in C:\xampp\htdocs\guinchafacil\_diag_final.php on line 57
[28-Sep-2026 01:00:01 America/Sao_Paulo] [cron_tokens] Tokens de reset removidos: 0
[28-Sep-2026 10:14:25 America/Sao_Paulo] PHP Fatal error:  Uncaught Error: Class "Configuracao" not found in C:\xampp\htdocs\guinchafacil\_diag_pricing.php:36
Stack trace:
#0 {main}
  thrown in C:\xampp\htdocs\guinchafacil\_diag_pricing.php on line 36
[28-Sep-2026 11:51:52 America/Sao_Paulo] [PhotonAddressProvider] httpGet falhou: https://photon.komoot.io/api/?q=rua+silvino+montenegro&limit=3&lat=-22.9&lon=-43.17
[28-Sep-2026 12:00:26 America/Sao_Paulo] PHP Fatal error:  Uncaught Error: Call to undefined method AddressAutocompleteService::verificarQualidade() in C:\xampp\htdocs\guinchafacil\src\Services\Address\AddressAutocompleteService.php:35
Stack trace:
#0 C:\xampp\htdocs\guinchafacil\_t7.php(6): AddressAutocompleteService->suggest('av paulista', -22.9, -43.17, 5)
#1 {main}
  thrown in C:\xampp\htdocs\guinchafacil\src\Services\Address\AddressAutocompleteService.php on line 35
[28-Sep-2026 12:01:13 America/Sao_Paulo] PHP Fatal error:  Uncaught Error: Call to undefined method AddressAutocompleteService::verificarQualidade() in C:\xampp\htdocs\guinchafacil\src\Services\Address\AddressAutocompleteService.php:35
Stack trace:
#0 C:\xampp\htdocs\guinchafacil\_t8.php(6): AddressAutocompleteService->suggest('rua da gamboa', -22.9, -43.17, 5)
#1 {main}
  thrown in C:\xampp\htdocs\guinchafacil\src\Services\Address\AddressAutocompleteService.php on line 35
[28-Sep-2026 12:05:12 America/Sao_Paulo] [PhotonAddressProvider] httpGet falhou: https://photon.komoot.io/api/?q=rua+silvino+montenegro&limit=5&lat=-22.9&lon=-43.17
[28-Sep-2026 12:06:24 America/Sao_Paulo] PHP Warning:  require_once(C:\xampp\htdocs\guinchafacil/src/Services/Address/NominatimAddressProvider.php): Failed to open stream: No such file or directory in C:\xampp\htdocs\guinchafacil\_diag_nm.php on line 18
[28-Sep-2026 12:06:24 America/Sao_Paulo] PHP Fatal error:  Uncaught Error: Failed opening required 'C:\xampp\htdocs\guinchafacil/src/Services/Address/NominatimAddressProvider.php' (include_path='C:\xampp\php\PEAR') in C:\xampp\htdocs\guinchafacil\_diag_nm.php:18
Stack trace:
#0 {main}
  thrown in C:\xampp\htdocs\guinchafacil\_diag_nm.php on line 18
[28-Sep-2026 12:09:23 America/Sao_Paulo] [PhotonAddressProvider] httpGet falhou: https://photon.komoot.io/api/?q=rua+silvino+montenegro&limit=5&lat=-22.9&lon=-43.17
[28-Sep-2026 12:13:42 America/Sao_Paulo] [PhotonAddressProvider] httpGet falhou: https://photon.komoot.io/reverse?lat=-22.887562215174&lon=-43.220386505127
[28-Sep-2026 13:16:41 America/Sao_Paulo] [GeocodingService] Falha HTTP 0: Resolving timed out after 10008 milliseconds
[28-Sep-2026 13:42:09 America/Sao_Paulo] [PhotonAddressProvider] httpGet falhou: https://photon.komoot.io/reverse?lat=-22.9068&lon=-43.1729
[28-Sep-2026 14:39:38 America/Sao_Paulo] [PhotonAddressProvider] httpGet falhou: https://photon.komoot.io/reverse?lat=-22.9068&lon=-43.1729
[29-Sep-2026 01:00:01 America/Sao_Paulo] [cron_tokens] Tokens de reset removidos: 0
[29-Sep-2026 09:43:31 America/Sao_Paulo] [MagicLink] identificador nao encontrado ou inativo: tel
[29-Sep-2026 09:44:28 America/Sao_Paulo] [MagicLink] identificador nao encontrado ou inativo: tel
[29-Sep-2026 13:44:26 America/Sao_Paulo] [CheckoutController][salvarVeiculo] SQLSTATE[23000]: Integrity constraint violation: 1048 Column 'lat_destino' cannot be null
[29-Sep-2026 16:02:56 America/Sao_Paulo] [CheckoutController][salvarVeiculo] SQLSTATE[23000]: Integrity constraint violation: 1048 Column 'lat_destino' cannot be null
[29-Sep-2026 16:04:11 America/Sao_Paulo] [CheckoutController][salvarVeiculo] SQLSTATE[23000]: Integrity constraint violation: 1048 Column 'lat_destino' cannot be null
[29-Sep-2026 16:44:57 America/Sao_Paulo] [GeocodingService] Falha HTTP 0: Resolving timed out after 10007 milliseconds
[29-Sep-2026 16:47:18 America/Sao_Paulo] [CheckoutController][salvarVeiculo] SQLSTATE[23000]: Integrity constraint violation: 1048 Column 'lat_destino' cannot be null
[29-Sep-2026 16:52:17 America/Sao_Paulo] [CheckoutController][salvarVeiculo] SQLSTATE[23000]: Integrity constraint violation: 1048 Column 'lat_destino' cannot be null
[29-Sep-2026 16:52:42 America/Sao_Paulo] [CheckoutController][salvarVeiculo] SQLSTATE[23000]: Integrity constraint violation: 1048 Column 'lat_destino' cannot be null
[29-Sep-2026 16:55:25 America/Sao_Paulo] [CheckoutController][salvarVeiculo] SQLSTATE[23000]: Integrity constraint violation: 1048 Column 'lat_destino' cannot be null
[29-Sep-2026 17:18:11 America/Sao_Paulo] [CheckoutController][salvarVeiculo] SQLSTATE[23000]: Integrity constraint violation: 1048 Column 'lat_destino' cannot be null
[29-Sep-2026 17:34:51 America/Sao_Paulo] [GeocodingService] Falha HTTP 0: Resolving timed out after 10009 milliseconds
[29-Sep-2026 17:35:39 America/Sao_Paulo] [GeocodingService] Falha HTTP 0: Resolving timed out after 10000 milliseconds
[29-Sep-2026 17:40:38 America/Sao_Paulo] [CheckoutController][salvarVeiculo] SQLSTATE[23000]: Integrity constraint violation: 1048 Column 'lat_destino' cannot be null
[29-Sep-2026 17:40:52 America/Sao_Paulo] [CheckoutController][salvarVeiculo] SQLSTATE[23000]: Integrity constraint violation: 1048 Column 'lat_destino' cannot be null
[29-Sep-2026 17:46:09 America/Sao_Paulo] [CheckoutController][salvarVeiculo] SQLSTATE[23000]: Integrity constraint violation: 1048 Column 'lat_destino' cannot be null
[29-Sep-2026 17:46:25 America/Sao_Paulo] [CheckoutController][salvarVeiculo] SQLSTATE[23000]: Integrity constraint violation: 1048 Column 'lat_destino' cannot be null
[29-Sep-2026 17:46:32 America/Sao_Paulo] [CheckoutController][salvarVeiculo] SQLSTATE[23000]: Integrity constraint violation: 1048 Column 'lat_destino' cannot be null
[29-Sep-2026 23:03:33 America/Sao_Paulo] [CheckoutController][salvarVeiculo] SQLSTATE[23000]: Integrity constraint violation: 1048 Column 'lat_destino' cannot be null
[29-Sep-2026 23:03:38 America/Sao_Paulo] [CheckoutController][salvarVeiculo] SQLSTATE[23000]: Integrity constraint violation: 1048 Column 'lat_destino' cannot be null
[29-Sep-2026 23:13:10 America/Sao_Paulo] [CheckoutController][salvarVeiculo] SQLSTATE[23000]: Integrity constraint violation: 1048 Column 'lat_destino' cannot be null
[29-Sep-2026 23:13:51 America/Sao_Paulo] [CheckoutController][salvarVeiculo] SQLSTATE[23000]: Integrity constraint violation: 1048 Column 'lat_destino' cannot be null
[30-Sep-2026 01:00:01 America/Sao_Paulo] [cron_tokens] Tokens de reset removidos: 0
[30-Sep-2026 09:28:46 America/Sao_Paulo] PHP Fatal error:  Cannot redeclare opsNavActive() (previously declared in C:\xampp\htdocs\guinchafacil\src\Views\components\admin_nav_operacional.php:4) in C:\xampp\htdocs\guinchafacil\src\Views\components\admin_nav_operacional.php on line 4
[30-Sep-2026 09:31:41 America/Sao_Paulo] PHP Fatal error:  Cannot redeclare opsNavActive() (previously declared in C:\xampp\htdocs\guinchafacil\src\Views\components\admin_nav_operacional.php:4) in C:\xampp\htdocs\guinchafacil\src\Views\components\admin_nav_operacional.php on line 4
[30-Sep-2026 10:21:05 America/Sao_Paulo] Erro de conexão com banco: SQLSTATE[HY000] [2002] Nenhuma conexão pôde ser feita porque a máquina de destino as recusou ativamente
[30-Sep-2026 10:22:05 America/Sao_Paulo] Erro de conexão com banco: SQLSTATE[HY000] [2002] Nenhuma conexão pôde ser feita porque a máquina de destino as recusou ativamente
[30-Sep-2026 10:23:05 America/Sao_Paulo] Erro de conexão com banco: SQLSTATE[HY000] [2002] Nenhuma conexão pôde ser feita porque a máquina de destino as recusou ativamente
[30-Sep-2026 10:24:04 America/Sao_Paulo] Erro de conexão com banco: SQLSTATE[HY000] [2002] Nenhuma conexão pôde ser feita porque a máquina de destino as recusou ativamente
[30-Sep-2026 10:24:05 America/Sao_Paulo] Erro de conexão com banco: SQLSTATE[HY000] [2002] Nenhuma conexão pôde ser feita porque a máquina de destino as recusou ativamente
[30-Sep-2026 10:25:05 America/Sao_Paulo] Erro de conexão com banco: SQLSTATE[HY000] [2002] Nenhuma conexão pôde ser feita porque a máquina de destino as recusou ativamente
[30-Sep-2026 10:26:05 America/Sao_Paulo] Erro de conexão com banco: SQLSTATE[HY000] [2002] Nenhuma conexão pôde ser feita porque a máquina de destino as recusou ativamente
[30-Sep-2026 10:27:05 America/Sao_Paulo] Erro de conexão com banco: SQLSTATE[HY000] [2002] Nenhuma conexão pôde ser feita porque a máquina de destino as recusou ativamente
[30-Sep-2026 10:28:05 America/Sao_Paulo] Erro de conexão com banco: SQLSTATE[HY000] [2002] Nenhuma conexão pôde ser feita porque a máquina de destino as recusou ativamente
[30-Sep-2026 10:29:04 America/Sao_Paulo] Erro de conexão com banco: SQLSTATE[HY000] [2002] Nenhuma conexão pôde ser feita porque a máquina de destino as recusou ativamente
[30-Sep-2026 10:29:05 America/Sao_Paulo] Erro de conexão com banco: SQLSTATE[HY000] [2002] Nenhuma conexão pôde ser feita porque a máquina de destino as recusou ativamente
[30-Sep-2026 10:30:05 America/Sao_Paulo] Erro de conexão com banco: SQLSTATE[HY000] [2002] Nenhuma conexão pôde ser feita porque a máquina de destino as recusou ativamente
[30-Sep-2026 10:31:05 America/Sao_Paulo] Erro de conexão com banco: SQLSTATE[HY000] [2002] Nenhuma conexão pôde ser feita porque a máquina de destino as recusou ativamente
[30-Sep-2026 10:32:05 America/Sao_Paulo] Erro de conexão com banco: SQLSTATE[HY000] [2002] Nenhuma conexão pôde ser feita porque a máquina de destino as recusou ativamente
[30-Sep-2026 10:33:05 America/Sao_Paulo] Erro de conexão com banco: SQLSTATE[HY000] [2002] Nenhuma conexão pôde ser feita porque a máquina de destino as recusou ativamente
[30-Sep-2026 10:34:04 America/Sao_Paulo] Erro de conexão com banco: SQLSTATE[HY000] [2002] Nenhuma conexão pôde ser feita porque a máquina de destino as recusou ativamente
[30-Sep-2026 10:34:05 America/Sao_Paulo] Erro de conexão com banco: SQLSTATE[HY000] [2002] Nenhuma conexão pôde ser feita porque a máquina de destino as recusou ativamente
[30-Sep-2026 10:35:05 America/Sao_Paulo] Erro de conexão com banco: SQLSTATE[HY000] [2002] Nenhuma conexão pôde ser feita porque a máquina de destino as recusou ativamente
[30-Sep-2026 10:36:06 America/Sao_Paulo] Erro de conexão com banco: SQLSTATE[HY000] [2002] Nenhuma conexão pôde ser feita porque a máquina de destino as recusou ativamente
[30-Sep-2026 10:37:05 America/Sao_Paulo] Erro de conexão com banco: SQLSTATE[HY000] [2002] Nenhuma conexão pôde ser feita porque a máquina de destino as recusou ativamente
[30-Sep-2026 10:38:05 America/Sao_Paulo] Erro de conexão com banco: SQLSTATE[HY000] [2002] Nenhuma conexão pôde ser feita porque a máquina de destino as recusou ativamente
[30-Sep-2026 10:39:04 America/Sao_Paulo] Erro de conexão com banco: SQLSTATE[HY000] [2002] Nenhuma conexão pôde ser feita porque a máquina de destino as recusou ativamente
[30-Sep-2026 10:39:05 America/Sao_Paulo] Erro de conexão com banco: SQLSTATE[HY000] [2002] Nenhuma conexão pôde ser feita porque a máquina de destino as recusou ativamente
[30-Sep-2026 10:40:05 America/Sao_Paulo] Erro de conexão com banco: SQLSTATE[HY000] [2002] Nenhuma conexão pôde ser feita porque a máquina de destino as recusou ativamente
[30-Sep-2026 10:41:05 America/Sao_Paulo] Erro de conexão com banco: SQLSTATE[HY000] [2002] Nenhuma conexão pôde ser feita porque a máquina de destino as recusou ativamente
[30-Sep-2026 10:42:05 America/Sao_Paulo] Erro de conexão com banco: SQLSTATE[HY000] [2002] Nenhuma conexão pôde ser feita porque a máquina de destino as recusou ativamente
[30-Sep-2026 10:43:05 America/Sao_Paulo] Erro de conexão com banco: SQLSTATE[HY000] [2002] Nenhuma conexão pôde ser feita porque a máquina de destino as recusou ativamente
[30-Sep-2026 10:44:04 America/Sao_Paulo] Erro de conexão com banco: SQLSTATE[HY000] [2002] Nenhuma conexão pôde ser feita porque a máquina de destino as recusou ativamente
[30-Sep-2026 10:44:05 America/Sao_Paulo] Erro de conexão com banco: SQLSTATE[HY000] [2002] Nenhuma conexão pôde ser feita porque a máquina de destino as recusou ativamente
[30-Sep-2026 10:45:05 America/Sao_Paulo] Erro de conexão com banco: SQLSTATE[HY000] [2002] Nenhuma conexão pôde ser feita porque a máquina de destino as recusou ativamente
[30-Sep-2026 10:46:05 America/Sao_Paulo] Erro de conexão com banco: SQLSTATE[HY000] [2002] Nenhuma conexão pôde ser feita porque a máquina de destino as recusou ativamente
[30-Sep-2026 10:47:04 America/Sao_Paulo] Erro de conexão com banco: SQLSTATE[HY000] [2002] Nenhuma conexão pôde ser feita porque a máquina de destino as recusou ativamente
[30-Sep-2026 10:48:04 America/Sao_Paulo] Erro de conexão com banco: SQLSTATE[HY000] [2002] Nenhuma conexão pôde ser feita porque a máquina de destino as recusou ativamente
[30-Sep-2026 10:49:04 America/Sao_Paulo] Erro de conexão com banco: SQLSTATE[HY000] [2002] Nenhuma conexão pôde ser feita porque a máquina de destino as recusou ativamente
[30-Sep-2026 10:49:04 America/Sao_Paulo] Erro de conexão com banco: SQLSTATE[HY000] [2002] Nenhuma conexão pôde ser feita porque a máquina de destino as recusou ativamente
[30-Sep-2026 10:50:04 America/Sao_Paulo] Erro de conexão com banco: SQLSTATE[HY000] [2002] Nenhuma conexão pôde ser feita porque a máquina de destino as recusou ativamente
[30-Sep-2026 10:51:04 America/Sao_Paulo] Erro de conexão com banco: SQLSTATE[HY000] [2002] Nenhuma conexão pôde ser feita porque a máquina de destino as recusou ativamente
[30-Sep-2026 10:52:04 America/Sao_Paulo] Erro de conexão com banco: SQLSTATE[HY000] [2002] Nenhuma conexão pôde ser feita porque a máquina de destino as recusou ativamente
[30-Sep-2026 10:53:04 America/Sao_Paulo] Erro de conexão com banco: SQLSTATE[HY000] [2002] Nenhuma conexão pôde ser feita porque a máquina de destino as recusou ativamente
[30-Sep-2026 10:54:04 America/Sao_Paulo] Erro de conexão com banco: SQLSTATE[HY000] [2002] Nenhuma conexão pôde ser feita porque a máquina de destino as recusou ativamente
[30-Sep-2026 10:54:04 America/Sao_Paulo] Erro de conexão com banco: SQLSTATE[HY000] [2002] Nenhuma conexão pôde ser feita porque a máquina de destino as recusou ativamente
[30-Sep-2026 10:55:04 America/Sao_Paulo] Erro de conexão com banco: SQLSTATE[HY000] [2002] Nenhuma conexão pôde ser feita porque a máquina de destino as recusou ativamente
[30-Sep-2026 10:56:04 America/Sao_Paulo] Erro de conexão com banco: SQLSTATE[HY000] [2002] Nenhuma conexão pôde ser feita porque a máquina de destino as recusou ativamente
[30-Sep-2026 10:57:04 America/Sao_Paulo] Erro de conexão com banco: SQLSTATE[HY000] [2002] Nenhuma conexão pôde ser feita porque a máquina de destino as recusou ativamente
[30-Sep-2026 10:58:04 America/Sao_Paulo] Erro de conexão com banco: SQLSTATE[HY000] [2002] Nenhuma conexão pôde ser feita porque a máquina de destino as recusou ativamente
[30-Sep-2026 10:59:04 America/Sao_Paulo] Erro de conexão com banco: SQLSTATE[HY000] [2002] Nenhuma conexão pôde ser feita porque a máquina de destino as recusou ativamente
[30-Sep-2026 10:59:04 America/Sao_Paulo] Erro de conexão com banco: SQLSTATE[HY000] [2002] Nenhuma conexão pôde ser feita porque a máquina de destino as recusou ativamente
[30-Sep-2026 11:00:04 America/Sao_Paulo] Erro de conexão com banco: SQLSTATE[HY000] [2002] Nenhuma conexão pôde ser feita porque a máquina de destino as recusou ativamente
[30-Sep-2026 11:01:04 America/Sao_Paulo] Erro de conexão com banco: SQLSTATE[HY000] [2002] Nenhuma conexão pôde ser feita porque a máquina de destino as recusou ativamente
[30-Sep-2026 11:02:04 America/Sao_Paulo] Erro de conexão com banco: SQLSTATE[HY000] [2002] Nenhuma conexão pôde ser feita porque a máquina de destino as recusou ativamente
[30-Sep-2026 11:03:04 America/Sao_Paulo] Erro de conexão com banco: SQLSTATE[HY000] [2002] Nenhuma conexão pôde ser feita porque a máquina de destino as recusou ativamente
[30-Sep-2026 11:04:04 America/Sao_Paulo] Erro de conexão com banco: SQLSTATE[HY000] [2002] Nenhuma conexão pôde ser feita porque a máquina de destino as recusou ativamente
[30-Sep-2026 11:04:04 America/Sao_Paulo] Erro de conexão com banco: SQLSTATE[HY000] [2002] Nenhuma conexão pôde ser feita porque a máquina de destino as recusou ativamente
[30-Sep-2026 11:05:04 America/Sao_Paulo] Erro de conexão com banco: SQLSTATE[HY000] [2002] Nenhuma conexão pôde ser feita porque a máquina de destino as recusou ativamente
[30-Sep-2026 11:06:04 America/Sao_Paulo] Erro de conexão com banco: SQLSTATE[HY000] [2002] Nenhuma conexão pôde ser feita porque a máquina de destino as recusou ativamente
[30-Sep-2026 11:07:04 America/Sao_Paulo] Erro de conexão com banco: SQLSTATE[HY000] [2002] Nenhuma conexão pôde ser feita porque a máquina de destino as recusou ativamente
[30-Sep-2026 11:08:04 America/Sao_Paulo] Erro de conexão com banco: SQLSTATE[HY000] [2002] Nenhuma conexão pôde ser feita porque a máquina de destino as recusou ativamente
[30-Sep-2026 11:09:04 America/Sao_Paulo] Erro de conexão com banco: SQLSTATE[HY000] [2002] Nenhuma conexão pôde ser feita porque a máquina de destino as recusou ativamente
[30-Sep-2026 11:09:04 America/Sao_Paulo] Erro de conexão com banco: SQLSTATE[HY000] [2002] Nenhuma conexão pôde ser feita porque a máquina de destino as recusou ativamente
[30-Sep-2026 11:10:04 America/Sao_Paulo] Erro de conexão com banco: SQLSTATE[HY000] [2002] Nenhuma conexão pôde ser feita porque a máquina de destino as recusou ativamente
[30-Sep-2026 11:11:04 America/Sao_Paulo] Erro de conexão com banco: SQLSTATE[HY000] [2002] Nenhuma conexão pôde ser feita porque a máquina de destino as recusou ativamente
[30-Sep-2026 11:12:04 America/Sao_Paulo] Erro de conexão com banco: SQLSTATE[HY000] [2002] Nenhuma conexão pôde ser feita porque a máquina de destino as recusou ativamente
[30-Sep-2026 11:13:04 America/Sao_Paulo] Erro de conexão com banco: SQLSTATE[HY000] [2002] Nenhuma conexão pôde ser feita porque a máquina de destino as recusou ativamente
[30-Sep-2026 11:14:04 America/Sao_Paulo] Erro de conexão com banco: SQLSTATE[HY000] [2002] Nenhuma conexão pôde ser feita porque a máquina de destino as recusou ativamente
[30-Sep-2026 11:14:05 America/Sao_Paulo] Erro de conexão com banco: SQLSTATE[HY000] [2002] Nenhuma conexão pôde ser feita porque a máquina de destino as recusou ativamente
[30-Sep-2026 11:15:04 America/Sao_Paulo] Erro de conexão com banco: SQLSTATE[HY000] [2002] Nenhuma conexão pôde ser feita porque a máquina de destino as recusou ativamente
[30-Sep-2026 11:16:04 America/Sao_Paulo] Erro de conexão com banco: SQLSTATE[HY000] [2002] Nenhuma conexão pôde ser feita porque a máquina de destino as recusou ativamente
[30-Sep-2026 11:17:04 America/Sao_Paulo] Erro de conexão com banco: SQLSTATE[HY000] [2002] Nenhuma conexão pôde ser feita porque a máquina de destino as recusou ativamente
[30-Sep-2026 11:18:04 America/Sao_Paulo] Erro de conexão com banco: SQLSTATE[HY000] [2002] Nenhuma conexão pôde ser feita porque a máquina de destino as recusou ativamente
[30-Sep-2026 11:19:04 America/Sao_Paulo] Erro de conexão com banco: SQLSTATE[HY000] [2002] Nenhuma conexão pôde ser feita porque a máquina de destino as recusou ativamente
[30-Sep-2026 11:19:04 America/Sao_Paulo] Erro de conexão com banco: SQLSTATE[HY000] [2002] Nenhuma conexão pôde ser feita porque a máquina de destino as recusou ativamente
[30-Sep-2026 11:20:04 America/Sao_Paulo] Erro de conexão com banco: SQLSTATE[HY000] [2002] Nenhuma conexão pôde ser feita porque a máquina de destino as recusou ativamente
[30-Sep-2026 11:21:04 America/Sao_Paulo] Erro de conexão com banco: SQLSTATE[HY000] [2002] Nenhuma conexão pôde ser feita porque a máquina de destino as recusou ativamente
[30-Sep-2026 11:22:04 America/Sao_Paulo] Erro de conexão com banco: SQLSTATE[HY000] [2002] Nenhuma conexão pôde ser feita porque a máquina de destino as recusou ativamente
[30-Sep-2026 11:23:04 America/Sao_Paulo] Erro de conexão com banco: SQLSTATE[HY000] [2002] Nenhuma conexão pôde ser feita porque a máquina de destino as recusou ativamente
[30-Sep-2026 11:24:04 America/Sao_Paulo] Erro de conexão com banco: SQLSTATE[HY000] [2002] Nenhuma conexão pôde ser feita porque a máquina de destino as recusou ativamente
[30-Sep-2026 11:24:04 America/Sao_Paulo] Erro de conexão com banco: SQLSTATE[HY000] [2002] Nenhuma conexão pôde ser feita porque a máquina de destino as recusou ativamente
[30-Sep-2026 11:25:04 America/Sao_Paulo] Erro de conexão com banco: SQLSTATE[HY000] [2002] Nenhuma conexão pôde ser feita porque a máquina de destino as recusou ativamente
[30-Sep-2026 11:26:04 America/Sao_Paulo] Erro de conexão com banco: SQLSTATE[HY000] [2002] Nenhuma conexão pôde ser feita porque a máquina de destino as recusou ativamente
[30-Sep-2026 11:27:04 America/Sao_Paulo] Erro de conexão com banco: SQLSTATE[HY000] [2002] Nenhuma conexão pôde ser feita porque a máquina de destino as recusou ativamente
[30-Sep-2026 11:28:04 America/Sao_Paulo] Erro de conexão com banco: SQLSTATE[HY000] [2002] Nenhuma conexão pôde ser feita porque a máquina de destino as recusou ativamente
[30-Sep-2026 11:29:04 America/Sao_Paulo] Erro de conexão com banco: SQLSTATE[HY000] [2002] Nenhuma conexão pôde ser feita porque a máquina de destino as recusou ativamente
[30-Sep-2026 11:29:04 America/Sao_Paulo] Erro de conexão com banco: SQLSTATE[HY000] [2002] Nenhuma conexão pôde ser feita porque a máquina de destino as recusou ativamente
[30-Sep-2026 11:30:04 America/Sao_Paulo] Erro de conexão com banco: SQLSTATE[HY000] [2002] Nenhuma conexão pôde ser feita porque a máquina de destino as recusou ativamente
[30-Sep-2026 11:31:04 America/Sao_Paulo] Erro de conexão com banco: SQLSTATE[HY000] [2002] Nenhuma conexão pôde ser feita porque a máquina de destino as recusou ativamente
[30-Sep-2026 11:32:04 America/Sao_Paulo] Erro de conexão com banco: SQLSTATE[HY000] [2002] Nenhuma conexão pôde ser feita porque a máquina de destino as recusou ativamente
[30-Sep-2026 11:33:04 America/Sao_Paulo] Erro de conexão com banco: SQLSTATE[HY000] [2002] Nenhuma conexão pôde ser feita porque a máquina de destino as recusou ativamente
[30-Sep-2026 11:34:04 America/Sao_Paulo] Erro de conexão com banco: SQLSTATE[HY000] [2002] Nenhuma conexão pôde ser feita porque a máquina de destino as recusou ativamente
[30-Sep-2026 11:34:05 America/Sao_Paulo] Erro de conexão com banco: SQLSTATE[HY000] [2002] Nenhuma conexão pôde ser feita porque a máquina de destino as recusou ativamente
[30-Sep-2026 11:35:04 America/Sao_Paulo] Erro de conexão com banco: SQLSTATE[HY000] [2002] Nenhuma conexão pôde ser feita porque a máquina de destino as recusou ativamente
[30-Sep-2026 11:36:04 America/Sao_Paulo] Erro de conexão com banco: SQLSTATE[HY000] [2002] Nenhuma conexão pôde ser feita porque a máquina de destino as recusou ativamente
[30-Sep-2026 11:37:04 America/Sao_Paulo] Erro de conexão com banco: SQLSTATE[HY000] [2002] Nenhuma conexão pôde ser feita porque a máquina de destino as recusou ativamente
[30-Sep-2026 11:38:04 America/Sao_Paulo] Erro de conexão com banco: SQLSTATE[HY000] [2002] Nenhuma conexão pôde ser feita porque a máquina de destino as recusou ativamente
[30-Sep-2026 11:39:04 America/Sao_Paulo] Erro de conexão com banco: SQLSTATE[HY000] [2002] Nenhuma conexão pôde ser feita porque a máquina de destino as recusou ativamente
[30-Sep-2026 11:39:04 America/Sao_Paulo] Erro de conexão com banco: SQLSTATE[HY000] [2002] Nenhuma conexão pôde ser feita porque a máquina de destino as recusou ativamente
[30-Sep-2026 11:40:04 America/Sao_Paulo] Erro de conexão com banco: SQLSTATE[HY000] [2002] Nenhuma conexão pôde ser feita porque a máquina de destino as recusou ativamente
[30-Sep-2026 11:41:04 America/Sao_Paulo] Erro de conexão com banco: SQLSTATE[HY000] [2002] Nenhuma conexão pôde ser feita porque a máquina de destino as recusou ativamente
[30-Sep-2026 11:42:04 America/Sao_Paulo] Erro de conexão com banco: SQLSTATE[HY000] [2002] Nenhuma conexão pôde ser feita porque a máquina de destino as recusou ativamente
[30-Sep-2026 11:43:04 America/Sao_Paulo] Erro de conexão com banco: SQLSTATE[HY000] [2002] Nenhuma conexão pôde ser feita porque a máquina de destino as recusou ativamente
[30-Sep-2026 11:44:04 America/Sao_Paulo] Erro de conexão com banco: SQLSTATE[HY000] [2002] Nenhuma conexão pôde ser feita porque a máquina de destino as recusou ativamente
[30-Sep-2026 11:44:05 America/Sao_Paulo] Erro de conexão com banco: SQLSTATE[HY000] [2002] Nenhuma conexão pôde ser feita porque a máquina de destino as recusou ativamente
[30-Sep-2026 11:45:04 America/Sao_Paulo] Erro de conexão com banco: SQLSTATE[HY000] [2002] Nenhuma conexão pôde ser feita porque a máquina de destino as recusou ativamente
[30-Sep-2026 11:46:04 America/Sao_Paulo] Erro de conexão com banco: SQLSTATE[HY000] [2002] Nenhuma conexão pôde ser feita porque a máquina de destino as recusou ativamente
[30-Sep-2026 11:47:04 America/Sao_Paulo] Erro de conexão com banco: SQLSTATE[HY000] [2002] Nenhuma conexão pôde ser feita porque a máquina de destino as recusou ativamente
[30-Sep-2026 11:48:04 America/Sao_Paulo] Erro de conexão com banco: SQLSTATE[HY000] [2002] Nenhuma conexão pôde ser feita porque a máquina de destino as recusou ativamente
[30-Sep-2026 11:49:04 America/Sao_Paulo] Erro de conexão com banco: SQLSTATE[HY000] [2002] Nenhuma conexão pôde ser feita porque a máquina de destino as recusou ativamente
[30-Sep-2026 11:49:05 America/Sao_Paulo] Erro de conexão com banco: SQLSTATE[HY000] [2002] Nenhuma conexão pôde ser feita porque a máquina de destino as recusou ativamente
[30-Sep-2026 11:50:04 America/Sao_Paulo] Erro de conexão com banco: SQLSTATE[HY000] [2002] Nenhuma conexão pôde ser feita porque a máquina de destino as recusou ativamente
[30-Sep-2026 11:51:04 America/Sao_Paulo] Erro de conexão com banco: SQLSTATE[HY000] [2002] Nenhuma conexão pôde ser feita porque a máquina de destino as recusou ativamente
[30-Sep-2026 11:52:04 America/Sao_Paulo] Erro de conexão com banco: SQLSTATE[HY000] [2002] Nenhuma conexão pôde ser feita porque a máquina de destino as recusou ativamente
[30-Sep-2026 11:53:04 America/Sao_Paulo] Erro de conexão com banco: SQLSTATE[HY000] [2002] Nenhuma conexão pôde ser feita porque a máquina de destino as recusou ativamente
[30-Sep-2026 11:54:04 America/Sao_Paulo] Erro de conexão com banco: SQLSTATE[HY000] [2002] Nenhuma conexão pôde ser feita porque a máquina de destino as recusou ativamente
[30-Sep-2026 11:54:05 America/Sao_Paulo] Erro de conexão com banco: SQLSTATE[HY000] [2002] Nenhuma conexão pôde ser feita porque a máquina de destino as recusou ativamente
[30-Sep-2026 11:55:04 America/Sao_Paulo] Erro de conexão com banco: SQLSTATE[HY000] [2002] Nenhuma conexão pôde ser feita porque a máquina de destino as recusou ativamente
[30-Sep-2026 11:56:04 America/Sao_Paulo] Erro de conexão com banco: SQLSTATE[HY000] [2002] Nenhuma conexão pôde ser feita porque a máquina de destino as recusou ativamente
[30-Sep-2026 11:57:04 America/Sao_Paulo] Erro de conexão com banco: SQLSTATE[HY000] [2002] Nenhuma conexão pôde ser feita porque a máquina de destino as recusou ativamente
[30-Sep-2026 11:58:04 America/Sao_Paulo] Erro de conexão com banco: SQLSTATE[HY000] [2002] Nenhuma conexão pôde ser feita porque a máquina de destino as recusou ativamente
[30-Sep-2026 11:59:04 America/Sao_Paulo] Erro de conexão com banco: SQLSTATE[HY000] [2002] Nenhuma conexão pôde ser feita porque a máquina de destino as recusou ativamente
[30-Sep-2026 11:59:05 America/Sao_Paulo] Erro de conexão com banco: SQLSTATE[HY000] [2002] Nenhuma conexão pôde ser feita porque a máquina de destino as recusou ativamente
[30-Sep-2026 12:00:04 America/Sao_Paulo] Erro de conexão com banco: SQLSTATE[HY000] [2002] Nenhuma conexão pôde ser feita porque a máquina de destino as recusou ativamente
[30-Sep-2026 12:01:04 America/Sao_Paulo] Erro de conexão com banco: SQLSTATE[HY000] [2002] Nenhuma conexão pôde ser feita porque a máquina de destino as recusou ativamente
[30-Sep-2026 12:02:04 America/Sao_Paulo] Erro de conexão com banco: SQLSTATE[HY000] [2002] Nenhuma conexão pôde ser feita porque a máquina de destino as recusou ativamente
[30-Sep-2026 12:03:04 America/Sao_Paulo] Erro de conexão com banco: SQLSTATE[HY000] [2002] Nenhuma conexão pôde ser feita porque a máquina de destino as recusou ativamente
[30-Sep-2026 12:04:04 America/Sao_Paulo] Erro de conexão com banco: SQLSTATE[HY000] [2002] Nenhuma conexão pôde ser feita porque a máquina de destino as recusou ativamente
[30-Sep-2026 12:04:05 America/Sao_Paulo] Erro de conexão com banco: SQLSTATE[HY000] [2002] Nenhuma conexão pôde ser feita porque a máquina de destino as recusou ativamente
[30-Sep-2026 12:05:04 America/Sao_Paulo] Erro de conexão com banco: SQLSTATE[HY000] [2002] Nenhuma conexão pôde ser feita porque a máquina de destino as recusou ativamente
[30-Sep-2026 12:06:04 America/Sao_Paulo] Erro de conexão com banco: SQLSTATE[HY000] [2002] Nenhuma conexão pôde ser feita porque a máquina de destino as recusou ativamente
[30-Sep-2026 12:07:04 America/Sao_Paulo] Erro de conexão com banco: SQLSTATE[HY000] [2002] Nenhuma conexão pôde ser feita porque a máquina de destino as recusou ativamente
[30-Sep-2026 12:08:04 America/Sao_Paulo] Erro de conexão com banco: SQLSTATE[HY000] [2002] Nenhuma conexão pôde ser feita porque a máquina de destino as recusou ativamente
[30-Sep-2026 12:09:04 America/Sao_Paulo] Erro de conexão com banco: SQLSTATE[HY000] [2002] Nenhuma conexão pôde ser feita porque a máquina de destino as recusou ativamente
[30-Sep-2026 12:09:05 America/Sao_Paulo] Erro de conexão com banco: SQLSTATE[HY000] [2002] Nenhuma conexão pôde ser feita porque a máquina de destino as recusou ativamente
[30-Sep-2026 12:10:04 America/Sao_Paulo] Erro de conexão com banco: SQLSTATE[HY000] [2002] Nenhuma conexão pôde ser feita porque a máquina de destino as recusou ativamente
[30-Sep-2026 12:11:04 America/Sao_Paulo] Erro de conexão com banco: SQLSTATE[HY000] [2002] Nenhuma conexão pôde ser feita porque a máquina de destino as recusou ativamente
[30-Sep-2026 12:12:04 America/Sao_Paulo] Erro de conexão com banco: SQLSTATE[HY000] [2002] Nenhuma conexão pôde ser feita porque a máquina de destino as recusou ativamente
[30-Sep-2026 12:13:04 America/Sao_Paulo] Erro de conexão com banco: SQLSTATE[HY000] [2002] Nenhuma conexão pôde ser feita porque a máquina de destino as recusou ativamente
[30-Sep-2026 12:14:04 America/Sao_Paulo] Erro de conexão com banco: SQLSTATE[HY000] [2002] Nenhuma conexão pôde ser feita porque a máquina de destino as recusou ativamente
[30-Sep-2026 12:14:05 America/Sao_Paulo] Erro de conexão com banco: SQLSTATE[HY000] [2002] Nenhuma conexão pôde ser feita porque a máquina de destino as recusou ativamente
[30-Sep-2026 12:15:04 America/Sao_Paulo] Erro de conexão com banco: SQLSTATE[HY000] [2002] Nenhuma conexão pôde ser feita porque a máquina de destino as recusou ativamente
[30-Sep-2026 12:16:04 America/Sao_Paulo] Erro de conexão com banco: SQLSTATE[HY000] [2002] Nenhuma conexão pôde ser feita porque a máquina de destino as recusou ativamente
[30-Sep-2026 12:17:04 America/Sao_Paulo] Erro de conexão com banco: SQLSTATE[HY000] [2002] Nenhuma conexão pôde ser feita porque a máquina de destino as recusou ativamente
[30-Sep-2026 12:18:04 America/Sao_Paulo] Erro de conexão com banco: SQLSTATE[HY000] [2002] Nenhuma conexão pôde ser feita porque a máquina de destino as recusou ativamente
[30-Sep-2026 12:19:04 America/Sao_Paulo] Erro de conexão com banco: SQLSTATE[HY000] [2002] Nenhuma conexão pôde ser feita porque a máquina de destino as recusou ativamente
[30-Sep-2026 12:19:05 America/Sao_Paulo] Erro de conexão com banco: SQLSTATE[HY000] [2002] Nenhuma conexão pôde ser feita porque a máquina de destino as recusou ativamente
[30-Sep-2026 12:20:04 America/Sao_Paulo] Erro de conexão com banco: SQLSTATE[HY000] [2002] Nenhuma conexão pôde ser feita porque a máquina de destino as recusou ativamente
[30-Sep-2026 12:21:04 America/Sao_Paulo] Erro de conexão com banco: SQLSTATE[HY000] [2002] Nenhuma conexão pôde ser feita porque a máquina de destino as recusou ativamente
[30-Sep-2026 12:22:04 America/Sao_Paulo] Erro de conexão com banco: SQLSTATE[HY000] [2002] Nenhuma conexão pôde ser feita porque a máquina de destino as recusou ativamente
[30-Sep-2026 12:23:04 America/Sao_Paulo] Erro de conexão com banco: SQLSTATE[HY000] [2002] Nenhuma conexão pôde ser feita porque a máquina de destino as recusou ativamente
[30-Sep-2026 12:24:05 America/Sao_Paulo] Erro de conexão com banco: SQLSTATE[HY000] [2002] Nenhuma conexão pôde ser feita porque a máquina de destino as recusou ativamente
[30-Sep-2026 12:24:05 America/Sao_Paulo] Erro de conexão com banco: SQLSTATE[HY000] [2002] Nenhuma conexão pôde ser feita porque a máquina de destino as recusou ativamente
[30-Sep-2026 12:25:05 America/Sao_Paulo] Erro de conexão com banco: SQLSTATE[HY000] [2002] Nenhuma conexão pôde ser feita porque a máquina de destino as recusou ativamente
[30-Sep-2026 12:26:05 America/Sao_Paulo] Erro de conexão com banco: SQLSTATE[HY000] [2002] Nenhuma conexão pôde ser feita porque a máquina de destino as recusou ativamente
[30-Sep-2026 12:27:06 America/Sao_Paulo] Erro de conexão com banco: SQLSTATE[HY000] [2002] Nenhuma conexão pôde ser feita porque a máquina de destino as recusou ativamente
[30-Sep-2026 12:28:05 America/Sao_Paulo] Erro de conexão com banco: SQLSTATE[HY000] [2002] Nenhuma conexão pôde ser feita porque a máquina de destino as recusou ativamente
[30-Sep-2026 12:29:05 America/Sao_Paulo] Erro de conexão com banco: SQLSTATE[HY000] [2002] Nenhuma conexão pôde ser feita porque a máquina de destino as recusou ativamente
[30-Sep-2026 12:29:05 America/Sao_Paulo] Erro de conexão com banco: SQLSTATE[HY000] [2002] Nenhuma conexão pôde ser feita porque a máquina de destino as recusou ativamente
[30-Sep-2026 12:30:05 America/Sao_Paulo] Erro de conexão com banco: SQLSTATE[HY000] [2002] Nenhuma conexão pôde ser feita porque a máquina de destino as recusou ativamente
[30-Sep-2026 12:31:05 America/Sao_Paulo] Erro de conexão com banco: SQLSTATE[HY000] [2002] Nenhuma conexão pôde ser feita porque a máquina de destino as recusou ativamente
[30-Sep-2026 12:32:05 America/Sao_Paulo] Erro de conexão com banco: SQLSTATE[HY000] [2002] Nenhuma conexão pôde ser feita porque a máquina de destino as recusou ativamente
[30-Sep-2026 12:33:05 America/Sao_Paulo] Erro de conexão com banco: SQLSTATE[HY000] [2002] Nenhuma conexão pôde ser feita porque a máquina de destino as recusou ativamente
[30-Sep-2026 12:34:05 America/Sao_Paulo] Erro de conexão com banco: SQLSTATE[HY000] [2002] Nenhuma conexão pôde ser feita porque a máquina de destino as recusou ativamente
[30-Sep-2026 12:34:05 America/Sao_Paulo] Erro de conexão com banco: SQLSTATE[HY000] [2002] Nenhuma conexão pôde ser feita porque a máquina de destino as recusou ativamente
[30-Sep-2026 12:35:05 America/Sao_Paulo] Erro de conexão com banco: SQLSTATE[HY000] [2002] Nenhuma conexão pôde ser feita porque a máquina de destino as recusou ativamente
[30-Sep-2026 12:36:05 America/Sao_Paulo] Erro de conexão com banco: SQLSTATE[HY000] [2002] Nenhuma conexão pôde ser feita porque a máquina de destino as recusou ativamente
[30-Sep-2026 12:37:05 America/Sao_Paulo] Erro de conexão com banco: SQLSTATE[HY000] [2002] Nenhuma conexão pôde ser feita porque a máquina de destino as recusou ativamente
[30-Sep-2026 12:38:05 America/Sao_Paulo] Erro de conexão com banco: SQLSTATE[HY000] [2002] Nenhuma conexão pôde ser feita porque a máquina de destino as recusou ativamente
[30-Sep-2026 12:39:05 America/Sao_Paulo] Erro de conexão com banco: SQLSTATE[HY000] [2002] Nenhuma conexão pôde ser feita porque a máquina de destino as recusou ativamente
[30-Sep-2026 12:39:05 America/Sao_Paulo] Erro de conexão com banco: SQLSTATE[HY000] [2002] Nenhuma conexão pôde ser feita porque a máquina de destino as recusou ativamente
[30-Sep-2026 12:40:05 America/Sao_Paulo] Erro de conexão com banco: SQLSTATE[HY000] [2002] Nenhuma conexão pôde ser feita porque a máquina de destino as recusou ativamente
[30-Sep-2026 12:41:05 America/Sao_Paulo] Erro de conexão com banco: SQLSTATE[HY000] [2002] Nenhuma conexão pôde ser feita porque a máquina de destino as recusou ativamente
[30-Sep-2026 12:42:05 America/Sao_Paulo] Erro de conexão com banco: SQLSTATE[HY000] [2002] Nenhuma conexão pôde ser feita porque a máquina de destino as recusou ativamente
[30-Sep-2026 12:43:05 America/Sao_Paulo] Erro de conexão com banco: SQLSTATE[HY000] [2002] Nenhuma conexão pôde ser feita porque a máquina de destino as recusou ativamente
[30-Sep-2026 12:44:05 America/Sao_Paulo] Erro de conexão com banco: SQLSTATE[HY000] [2002] Nenhuma conexão pôde ser feita porque a máquina de destino as recusou ativamente
[30-Sep-2026 12:44:05 America/Sao_Paulo] Erro de conexão com banco: SQLSTATE[HY000] [2002] Nenhuma conexão pôde ser feita porque a máquina de destino as recusou ativamente
[30-Sep-2026 12:45:05 America/Sao_Paulo] Erro de conexão com banco: SQLSTATE[HY000] [2002] Nenhuma conexão pôde ser feita porque a máquina de destino as recusou ativamente
[30-Sep-2026 12:46:04 America/Sao_Paulo] Erro de conexão com banco: SQLSTATE[HY000] [2002] Nenhuma conexão pôde ser feita porque a máquina de destino as recusou ativamente
[30-Sep-2026 12:47:04 America/Sao_Paulo] Erro de conexão com banco: SQLSTATE[HY000] [2002] Nenhuma conexão pôde ser feita porque a máquina de destino as recusou ativamente
[30-Sep-2026 12:48:04 America/Sao_Paulo] Erro de conexão com banco: SQLSTATE[HY000] [2002] Nenhuma conexão pôde ser feita porque a máquina de destino as recusou ativamente
[30-Sep-2026 12:49:04 America/Sao_Paulo] Erro de conexão com banco: SQLSTATE[HY000] [2002] Nenhuma conexão pôde ser feita porque a máquina de destino as recusou ativamente
[30-Sep-2026 12:49:05 America/Sao_Paulo] Erro de conexão com banco: SQLSTATE[HY000] [2002] Nenhuma conexão pôde ser feita porque a máquina de destino as recusou ativamente
[30-Sep-2026 12:50:04 America/Sao_Paulo] Erro de conexão com banco: SQLSTATE[HY000] [2002] Nenhuma conexão pôde ser feita porque a máquina de destino as recusou ativamente
[30-Sep-2026 12:51:04 America/Sao_Paulo] Erro de conexão com banco: SQLSTATE[HY000] [2002] Nenhuma conexão pôde ser feita porque a máquina de destino as recusou ativamente
[30-Sep-2026 12:52:04 America/Sao_Paulo] Erro de conexão com banco: SQLSTATE[HY000] [2002] Nenhuma conexão pôde ser feita porque a máquina de destino as recusou ativamente
[30-Sep-2026 12:53:04 America/Sao_Paulo] Erro de conexão com banco: SQLSTATE[HY000] [2002] Nenhuma conexão pôde ser feita porque a máquina de destino as recusou ativamente
[30-Sep-2026 12:54:04 America/Sao_Paulo] Erro de conexão com banco: SQLSTATE[HY000] [2002] Nenhuma conexão pôde ser feita porque a máquina de destino as recusou ativamente
[30-Sep-2026 12:54:05 America/Sao_Paulo] Erro de conexão com banco: SQLSTATE[HY000] [2002] Nenhuma conexão pôde ser feita porque a máquina de destino as recusou ativamente
[30-Sep-2026 12:55:04 America/Sao_Paulo] Erro de conexão com banco: SQLSTATE[HY000] [2002] Nenhuma conexão pôde ser feita porque a máquina de destino as recusou ativamente
[30-Sep-2026 12:56:04 America/Sao_Paulo] Erro de conexão com banco: SQLSTATE[HY000] [2002] Nenhuma conexão pôde ser feita porque a máquina de destino as recusou ativamente
[30-Sep-2026 12:57:04 America/Sao_Paulo] Erro de conexão com banco: SQLSTATE[HY000] [2002] Nenhuma conexão pôde ser feita porque a máquina de destino as recusou ativamente
[30-Sep-2026 12:58:04 America/Sao_Paulo] Erro de conexão com banco: SQLSTATE[HY000] [2002] Nenhuma conexão pôde ser feita porque a máquina de destino as recusou ativamente
[30-Sep-2026 12:59:04 America/Sao_Paulo] Erro de conexão com banco: SQLSTATE[HY000] [2002] Nenhuma conexão pôde ser feita porque a máquina de destino as recusou ativamente
[30-Sep-2026 12:59:05 America/Sao_Paulo] Erro de conexão com banco: SQLSTATE[HY000] [2002] Nenhuma conexão pôde ser feita porque a máquina de destino as recusou ativamente
[30-Sep-2026 13:00:04 America/Sao_Paulo] Erro de conexão com banco: SQLSTATE[HY000] [2002] Nenhuma conexão pôde ser feita porque a máquina de destino as recusou ativamente
[30-Sep-2026 13:01:04 America/Sao_Paulo] Erro de conexão com banco: SQLSTATE[HY000] [2002] Nenhuma conexão pôde ser feita porque a máquina de destino as recusou ativamente
[30-Sep-2026 13:02:04 America/Sao_Paulo] Erro de conexão com banco: SQLSTATE[HY000] [2002] Nenhuma conexão pôde ser feita porque a máquina de destino as recusou ativamente
[30-Sep-2026 13:03:04 America/Sao_Paulo] Erro de conexão com banco: SQLSTATE[HY000] [2002] Nenhuma conexão pôde ser feita porque a máquina de destino as recusou ativamente
[30-Sep-2026 13:04:04 America/Sao_Paulo] Erro de conexão com banco: SQLSTATE[HY000] [2002] Nenhuma conexão pôde ser feita porque a máquina de destino as recusou ativamente
[30-Sep-2026 13:04:05 America/Sao_Paulo] Erro de conexão com banco: SQLSTATE[HY000] [2002] Nenhuma conexão pôde ser feita porque a máquina de destino as recusou ativamente
[30-Sep-2026 13:05:04 America/Sao_Paulo] Erro de conexão com banco: SQLSTATE[HY000] [2002] Nenhuma conexão pôde ser feita porque a máquina de destino as recusou ativamente
[30-Sep-2026 13:06:04 America/Sao_Paulo] Erro de conexão com banco: SQLSTATE[HY000] [2002] Nenhuma conexão pôde ser feita porque a máquina de destino as recusou ativamente
[30-Sep-2026 13:07:04 America/Sao_Paulo] Erro de conexão com banco: SQLSTATE[HY000] [2002] Nenhuma conexão pôde ser feita porque a máquina de destino as recusou ativamente
[30-Sep-2026 13:08:04 America/Sao_Paulo] Erro de conexão com banco: SQLSTATE[HY000] [2002] Nenhuma conexão pôde ser feita porque a máquina de destino as recusou ativamente
[30-Sep-2026 13:09:04 America/Sao_Paulo] Erro de conexão com banco: SQLSTATE[HY000] [2002] Nenhuma conexão pôde ser feita porque a máquina de destino as recusou ativamente
[30-Sep-2026 13:09:05 America/Sao_Paulo] Erro de conexão com banco: SQLSTATE[HY000] [2002] Nenhuma conexão pôde ser feita porque a máquina de destino as recusou ativamente
[30-Sep-2026 13:10:04 America/Sao_Paulo] Erro de conexão com banco: SQLSTATE[HY000] [2002] Nenhuma conexão pôde ser feita porque a máquina de destino as recusou ativamente
[30-Sep-2026 13:11:04 America/Sao_Paulo] Erro de conexão com banco: SQLSTATE[HY000] [2002] Nenhuma conexão pôde ser feita porque a máquina de destino as recusou ativamente
[30-Sep-2026 13:12:04 America/Sao_Paulo] Erro de conexão com banco: SQLSTATE[HY000] [2002] Nenhuma conexão pôde ser feita porque a máquina de destino as recusou ativamente
[30-Sep-2026 13:13:04 America/Sao_Paulo] Erro de conexão com banco: SQLSTATE[HY000] [2002] Nenhuma conexão pôde ser feita porque a máquina de destino as recusou ativamente
[30-Sep-2026 13:14:04 America/Sao_Paulo] Erro de conexão com banco: SQLSTATE[HY000] [2002] Nenhuma conexão pôde ser feita porque a máquina de destino as recusou ativamente
[30-Sep-2026 13:14:05 America/Sao_Paulo] Erro de conexão com banco: SQLSTATE[HY000] [2002] Nenhuma conexão pôde ser feita porque a máquina de destino as recusou ativamente
[30-Sep-2026 13:15:04 America/Sao_Paulo] Erro de conexão com banco: SQLSTATE[HY000] [2002] Nenhuma conexão pôde ser feita porque a máquina de destino as recusou ativamente
[30-Sep-2026 13:16:04 America/Sao_Paulo] Erro de conexão com banco: SQLSTATE[HY000] [2002] Nenhuma conexão pôde ser feita porque a máquina de destino as recusou ativamente
[30-Sep-2026 13:17:04 America/Sao_Paulo] Erro de conexão com banco: SQLSTATE[HY000] [2002] Nenhuma conexão pôde ser feita porque a máquina de destino as recusou ativamente
[30-Sep-2026 13:18:04 America/Sao_Paulo] Erro de conexão com banco: SQLSTATE[HY000] [2002] Nenhuma conexão pôde ser feita porque a máquina de destino as recusou ativamente
[30-Sep-2026 13:19:04 America/Sao_Paulo] Erro de conexão com banco: SQLSTATE[HY000] [2002] Nenhuma conexão pôde ser feita porque a máquina de destino as recusou ativamente
[30-Sep-2026 13:19:05 America/Sao_Paulo] Erro de conexão com banco: SQLSTATE[HY000] [2002] Nenhuma conexão pôde ser feita porque a máquina de destino as recusou ativamente
[30-Sep-2026 13:20:04 America/Sao_Paulo] Erro de conexão com banco: SQLSTATE[HY000] [2002] Nenhuma conexão pôde ser feita porque a máquina de destino as recusou ativamente
[30-Sep-2026 13:21:04 America/Sao_Paulo] Erro de conexão com banco: SQLSTATE[HY000] [2002] Nenhuma conexão pôde ser feita porque a máquina de destino as recusou ativamente
[30-Sep-2026 13:22:05 America/Sao_Paulo] Erro de conexão com banco: SQLSTATE[HY000] [2002] Nenhuma conexão pôde ser feita porque a máquina de destino as recusou ativamente
[30-Sep-2026 13:23:04 America/Sao_Paulo] Erro de conexão com banco: SQLSTATE[HY000] [2002] Nenhuma conexão pôde ser feita porque a máquina de destino as recusou ativamente
[30-Sep-2026 13:24:04 America/Sao_Paulo] Erro de conexão com banco: SQLSTATE[HY000] [2002] Nenhuma conexão pôde ser feita porque a máquina de destino as recusou ativamente
[30-Sep-2026 13:24:04 America/Sao_Paulo] Erro de conexão com banco: SQLSTATE[HY000] [2002] Nenhuma conexão pôde ser feita porque a máquina de destino as recusou ativamente
[30-Sep-2026 13:25:05 America/Sao_Paulo] Erro de conexão com banco: SQLSTATE[HY000] [2002] Nenhuma conexão pôde ser feita porque a máquina de destino as recusou ativamente
[30-Sep-2026 13:26:04 America/Sao_Paulo] Erro de conexão com banco: SQLSTATE[HY000] [2002] Nenhuma conexão pôde ser feita porque a máquina de destino as recusou ativamente
[30-Sep-2026 13:27:04 America/Sao_Paulo] Erro de conexão com banco: SQLSTATE[HY000] [2002] Nenhuma conexão pôde ser feita porque a máquina de destino as recusou ativamente
[30-Sep-2026 13:28:04 America/Sao_Paulo] Erro de conexão com banco: SQLSTATE[HY000] [2002] Nenhuma conexão pôde ser feita porque a máquina de destino as recusou ativamente
[30-Sep-2026 13:29:04 America/Sao_Paulo] Erro de conexão com banco: SQLSTATE[HY000] [2002] Nenhuma conexão pôde ser feita porque a máquina de destino as recusou ativamente
[30-Sep-2026 13:29:04 America/Sao_Paulo] Erro de conexão com banco: SQLSTATE[HY000] [2002] Nenhuma conexão pôde ser feita porque a máquina de destino as recusou ativamente
[30-Sep-2026 13:30:04 America/Sao_Paulo] Erro de conexão com banco: SQLSTATE[HY000] [2002] Nenhuma conexão pôde ser feita porque a máquina de destino as recusou ativamente
[30-Sep-2026 13:31:04 America/Sao_Paulo] Erro de conexão com banco: SQLSTATE[HY000] [2002] Nenhuma conexão pôde ser feita porque a máquina de destino as recusou ativamente
[30-Sep-2026 13:32:04 America/Sao_Paulo] Erro de conexão com banco: SQLSTATE[HY000] [2002] Nenhuma conexão pôde ser feita porque a máquina de destino as recusou ativamente
[30-Sep-2026 13:33:04 America/Sao_Paulo] Erro de conexão com banco: SQLSTATE[HY000] [2002] Nenhuma conexão pôde ser feita porque a máquina de destino as recusou ativamente
[30-Sep-2026 13:34:04 America/Sao_Paulo] Erro de conexão com banco: SQLSTATE[HY000] [2002] Nenhuma conexão pôde ser feita porque a máquina de destino as recusou ativamente
[30-Sep-2026 13:34:04 America/Sao_Paulo] Erro de conexão com banco: SQLSTATE[HY000] [2002] Nenhuma conexão pôde ser feita porque a máquina de destino as recusou ativamente
[30-Sep-2026 13:35:04 America/Sao_Paulo] Erro de conexão com banco: SQLSTATE[HY000] [2002] Nenhuma conexão pôde ser feita porque a máquina de destino as recusou ativamente
[30-Sep-2026 13:36:04 America/Sao_Paulo] Erro de conexão com banco: SQLSTATE[HY000] [2002] Nenhuma conexão pôde ser feita porque a máquina de destino as recusou ativamente
[30-Sep-2026 13:37:04 America/Sao_Paulo] Erro de conexão com banco: SQLSTATE[HY000] [2002] Nenhuma conexão pôde ser feita porque a máquina de destino as recusou ativamente
[30-Sep-2026 13:38:04 America/Sao_Paulo] Erro de conexão com banco: SQLSTATE[HY000] [2002] Nenhuma conexão pôde ser feita porque a máquina de destino as recusou ativamente
[30-Sep-2026 13:39:04 America/Sao_Paulo] Erro de conexão com banco: SQLSTATE[HY000] [2002] Nenhuma conexão pôde ser feita porque a máquina de destino as recusou ativamente
[30-Sep-2026 13:39:04 America/Sao_Paulo] Erro de conexão com banco: SQLSTATE[HY000] [2002] Nenhuma conexão pôde ser feita porque a máquina de destino as recusou ativamente
[30-Sep-2026 13:40:04 America/Sao_Paulo] Erro de conexão com banco: SQLSTATE[HY000] [2002] Nenhuma conexão pôde ser feita porque a máquina de destino as recusou ativamente
[30-Sep-2026 13:41:04 America/Sao_Paulo] Erro de conexão com banco: SQLSTATE[HY000] [2002] Nenhuma conexão pôde ser feita porque a máquina de destino as recusou ativamente
[30-Sep-2026 13:42:04 America/Sao_Paulo] Erro de conexão com banco: SQLSTATE[HY000] [2002] Nenhuma conexão pôde ser feita porque a máquina de destino as recusou ativamente
[30-Sep-2026 13:43:04 America/Sao_Paulo] Erro de conexão com banco: SQLSTATE[HY000] [2002] Nenhuma conexão pôde ser feita porque a máquina de destino as recusou ativamente
[30-Sep-2026 13:44:04 America/Sao_Paulo] Erro de conexão com banco: SQLSTATE[HY000] [2002] Nenhuma conexão pôde ser feita porque a máquina de destino as recusou ativamente
[30-Sep-2026 13:44:04 America/Sao_Paulo] Erro de conexão com banco: SQLSTATE[HY000] [2002] Nenhuma conexão pôde ser feita porque a máquina de destino as recusou ativamente
[30-Sep-2026 13:45:05 America/Sao_Paulo] Erro de conexão com banco: SQLSTATE[HY000] [2002] Nenhuma conexão pôde ser feita porque a máquina de destino as recusou ativamente
[30-Sep-2026 13:46:04 America/Sao_Paulo] Erro de conexão com banco: SQLSTATE[HY000] [2002] Nenhuma conexão pôde ser feita porque a máquina de destino as recusou ativamente
[30-Sep-2026 13:47:04 America/Sao_Paulo] Erro de conexão com banco: SQLSTATE[HY000] [2002] Nenhuma conexão pôde ser feita porque a máquina de destino as recusou ativamente
[30-Sep-2026 13:48:04 America/Sao_Paulo] Erro de conexão com banco: SQLSTATE[HY000] [2002] Nenhuma conexão pôde ser feita porque a máquina de destino as recusou ativamente
[30-Sep-2026 13:49:04 America/Sao_Paulo] Erro de conexão com banco: SQLSTATE[HY000] [2002] Nenhuma conexão pôde ser feita porque a máquina de destino as recusou ativamente
[30-Sep-2026 13:49:04 America/Sao_Paulo] Erro de conexão com banco: SQLSTATE[HY000] [2002] Nenhuma conexão pôde ser feita porque a máquina de destino as recusou ativamente
[30-Sep-2026 13:50:04 America/Sao_Paulo] Erro de conexão com banco: SQLSTATE[HY000] [2002] Nenhuma conexão pôde ser feita porque a máquina de destino as recusou ativamente
[30-Sep-2026 13:51:05 America/Sao_Paulo] Erro de conexão com banco: SQLSTATE[HY000] [2002] Nenhuma conexão pôde ser feita porque a máquina de destino as recusou ativamente
[30-Sep-2026 13:52:04 America/Sao_Paulo] Erro de conexão com banco: SQLSTATE[HY000] [2002] Nenhuma conexão pôde ser feita porque a máquina de destino as recusou ativamente
[30-Sep-2026 13:53:04 America/Sao_Paulo] Erro de conexão com banco: SQLSTATE[HY000] [2002] Nenhuma conexão pôde ser feita porque a máquina de destino as recusou ativamente
[30-Sep-2026 13:54:04 America/Sao_Paulo] Erro de conexão com banco: SQLSTATE[HY000] [2002] Nenhuma conexão pôde ser feita porque a máquina de destino as recusou ativamente
[30-Sep-2026 13:54:04 America/Sao_Paulo] Erro de conexão com banco: SQLSTATE[HY000] [2002] Nenhuma conexão pôde ser feita porque a máquina de destino as recusou ativamente
[30-Sep-2026 13:55:05 America/Sao_Paulo] Erro de conexão com banco: SQLSTATE[HY000] [2002] Nenhuma conexão pôde ser feita porque a máquina de destino as recusou ativamente
[30-Sep-2026 13:56:04 America/Sao_Paulo] Erro de conexão com banco: SQLSTATE[HY000] [2002] Nenhuma conexão pôde ser feita porque a máquina de destino as recusou ativamente
[30-Sep-2026 13:57:05 America/Sao_Paulo] Erro de conexão com banco: SQLSTATE[HY000] [2002] Nenhuma conexão pôde ser feita porque a máquina de destino as recusou ativamente
[30-Sep-2026 13:58:05 America/Sao_Paulo] Erro de conexão com banco: SQLSTATE[HY000] [2002] Nenhuma conexão pôde ser feita porque a máquina de destino as recusou ativamente
[30-Sep-2026 13:59:04 America/Sao_Paulo] Erro de conexão com banco: SQLSTATE[HY000] [2002] Nenhuma conexão pôde ser feita porque a máquina de destino as recusou ativamente
[30-Sep-2026 13:59:05 America/Sao_Paulo] Erro de conexão com banco: SQLSTATE[HY000] [2002] Nenhuma conexão pôde ser feita porque a máquina de destino as recusou ativamente
[30-Sep-2026 14:00:05 America/Sao_Paulo] Erro de conexão com banco: SQLSTATE[HY000] [2002] Nenhuma conexão pôde ser feita porque a máquina de destino as recusou ativamente
[30-Sep-2026 14:01:05 America/Sao_Paulo] Erro de conexão com banco: SQLSTATE[HY000] [2002] Nenhuma conexão pôde ser feita porque a máquina de destino as recusou ativamente
[30-Sep-2026 14:02:05 America/Sao_Paulo] Erro de conexão com banco: SQLSTATE[HY000] [2002] Nenhuma conexão pôde ser feita porque a máquina de destino as recusou ativamente
[30-Sep-2026 14:03:05 America/Sao_Paulo] Erro de conexão com banco: SQLSTATE[HY000] [2002] Nenhuma conexão pôde ser feita porque a máquina de destino as recusou ativamente
[30-Sep-2026 14:04:04 America/Sao_Paulo] Erro de conexão com banco: SQLSTATE[HY000] [2002] Nenhuma conexão pôde ser feita porque a máquina de destino as recusou ativamente
[30-Sep-2026 14:04:05 America/Sao_Paulo] Erro de conexão com banco: SQLSTATE[HY000] [2002] Nenhuma conexão pôde ser feita porque a máquina de destino as recusou ativamente
[30-Sep-2026 14:05:05 America/Sao_Paulo] Erro de conexão com banco: SQLSTATE[HY000] [2002] Nenhuma conexão pôde ser feita porque a máquina de destino as recusou ativamente
[30-Sep-2026 14:06:05 America/Sao_Paulo] Erro de conexão com banco: SQLSTATE[HY000] [2002] Nenhuma conexão pôde ser feita porque a máquina de destino as recusou ativamente
[30-Sep-2026 14:07:05 America/Sao_Paulo] Erro de conexão com banco: SQLSTATE[HY000] [2002] Nenhuma conexão pôde ser feita porque a máquina de destino as recusou ativamente
[30-Sep-2026 14:08:05 America/Sao_Paulo] Erro de conexão com banco: SQLSTATE[HY000] [2002] Nenhuma conexão pôde ser feita porque a máquina de destino as recusou ativamente
[30-Sep-2026 14:09:04 America/Sao_Paulo] Erro de conexão com banco: SQLSTATE[HY000] [2002] Nenhuma conexão pôde ser feita porque a máquina de destino as recusou ativamente
[30-Sep-2026 14:09:05 America/Sao_Paulo] Erro de conexão com banco: SQLSTATE[HY000] [2002] Nenhuma conexão pôde ser feita porque a máquina de destino as recusou ativamente
[30-Sep-2026 14:10:05 America/Sao_Paulo] Erro de conexão com banco: SQLSTATE[HY000] [2002] Nenhuma conexão pôde ser feita porque a máquina de destino as recusou ativamente
[30-Sep-2026 14:11:05 America/Sao_Paulo] Erro de conexão com banco: SQLSTATE[HY000] [2002] Nenhuma conexão pôde ser feita porque a máquina de destino as recusou ativamente
[30-Sep-2026 14:12:05 America/Sao_Paulo] Erro de conexão com banco: SQLSTATE[HY000] [2002] Nenhuma conexão pôde ser feita porque a máquina de destino as recusou ativamente
[30-Sep-2026 14:13:05 America/Sao_Paulo] Erro de conexão com banco: SQLSTATE[HY000] [2002] Nenhuma conexão pôde ser feita porque a máquina de destino as recusou ativamente
[30-Sep-2026 14:14:04 America/Sao_Paulo] Erro de conexão com banco: SQLSTATE[HY000] [2002] Nenhuma conexão pôde ser feita porque a máquina de destino as recusou ativamente
[30-Sep-2026 14:14:05 America/Sao_Paulo] Erro de conexão com banco: SQLSTATE[HY000] [2002] Nenhuma conexão pôde ser feita porque a máquina de destino as recusou ativamente
[30-Sep-2026 14:15:05 America/Sao_Paulo] Erro de conexão com banco: SQLSTATE[HY000] [2002] Nenhuma conexão pôde ser feita porque a máquina de destino as recusou ativamente
[30-Sep-2026 14:16:05 America/Sao_Paulo] Erro de conexão com banco: SQLSTATE[HY000] [2002] Nenhuma conexão pôde ser feita porque a máquina de destino as recusou ativamente
[30-Sep-2026 14:17:05 America/Sao_Paulo] Erro de conexão com banco: SQLSTATE[HY000] [2002] Nenhuma conexão pôde ser feita porque a máquina de destino as recusou ativamente
[30-Sep-2026 14:18:05 America/Sao_Paulo] Erro de conexão com banco: SQLSTATE[HY000] [2002] Nenhuma conexão pôde ser feita porque a máquina de destino as recusou ativamente
[30-Sep-2026 14:19:04 America/Sao_Paulo] Erro de conexão com banco: SQLSTATE[HY000] [2002] Nenhuma conexão pôde ser feita porque a máquina de destino as recusou ativamente
[30-Sep-2026 14:19:05 America/Sao_Paulo] Erro de conexão com banco: SQLSTATE[HY000] [2002] Nenhuma conexão pôde ser feita porque a máquina de destino as recusou ativamente
[30-Sep-2026 14:20:05 America/Sao_Paulo] Erro de conexão com banco: SQLSTATE[HY000] [2002] Nenhuma conexão pôde ser feita porque a máquina de destino as recusou ativamente
[30-Sep-2026 14:21:05 America/Sao_Paulo] Erro de conexão com banco: SQLSTATE[HY000] [2002] Nenhuma conexão pôde ser feita porque a máquina de destino as recusou ativamente
[30-Sep-2026 14:22:05 America/Sao_Paulo] Erro de conexão com banco: SQLSTATE[HY000] [2002] Nenhuma conexão pôde ser feita porque a máquina de destino as recusou ativamente
[30-Sep-2026 14:23:05 America/Sao_Paulo] Erro de conexão com banco: SQLSTATE[HY000] [2002] Nenhuma conexão pôde ser feita porque a máquina de destino as recusou ativamente
[30-Sep-2026 14:24:04 America/Sao_Paulo] Erro de conexão com banco: SQLSTATE[HY000] [2002] Nenhuma conexão pôde ser feita porque a máquina de destino as recusou ativamente
[30-Sep-2026 14:24:04 America/Sao_Paulo] Erro de conexão com banco: SQLSTATE[HY000] [2002] Nenhuma conexão pôde ser feita porque a máquina de destino as recusou ativamente
[30-Sep-2026 14:25:04 America/Sao_Paulo] Erro de conexão com banco: SQLSTATE[HY000] [2002] Nenhuma conexão pôde ser feita porque a máquina de destino as recusou ativamente
[30-Sep-2026 14:26:04 America/Sao_Paulo] Erro de conexão com banco: SQLSTATE[HY000] [2002] Nenhuma conexão pôde ser feita porque a máquina de destino as recusou ativamente
[30-Sep-2026 14:27:04 America/Sao_Paulo] Erro de conexão com banco: SQLSTATE[HY000] [2002] Nenhuma conexão pôde ser feita porque a máquina de destino as recusou ativamente
[30-Sep-2026 14:28:04 America/Sao_Paulo] Erro de conexão com banco: SQLSTATE[HY000] [2002] Nenhuma conexão pôde ser feita porque a máquina de destino as recusou ativamente
[30-Sep-2026 14:29:04 America/Sao_Paulo] Erro de conexão com banco: SQLSTATE[HY000] [2002] Nenhuma conexão pôde ser feita porque a máquina de destino as recusou ativamente
[30-Sep-2026 14:29:04 America/Sao_Paulo] Erro de conexão com banco: SQLSTATE[HY000] [2002] Nenhuma conexão pôde ser feita porque a máquina de destino as recusou ativamente
[30-Sep-2026 14:30:04 America/Sao_Paulo] Erro de conexão com banco: SQLSTATE[HY000] [2002] Nenhuma conexão pôde ser feita porque a máquina de destino as recusou ativamente
[30-Sep-2026 14:31:04 America/Sao_Paulo] Erro de conexão com banco: SQLSTATE[HY000] [2002] Nenhuma conexão pôde ser feita porque a máquina de destino as recusou ativamente
[30-Sep-2026 14:32:04 America/Sao_Paulo] Erro de conexão com banco: SQLSTATE[HY000] [2002] Nenhuma conexão pôde ser feita porque a máquina de destino as recusou ativamente
[30-Sep-2026 14:33:04 America/Sao_Paulo] Erro de conexão com banco: SQLSTATE[HY000] [2002] Nenhuma conexão pôde ser feita porque a máquina de destino as recusou ativamente
[30-Sep-2026 14:34:04 America/Sao_Paulo] Erro de conexão com banco: SQLSTATE[HY000] [2002] Nenhuma conexão pôde ser feita porque a máquina de destino as recusou ativamente
[30-Sep-2026 14:34:04 America/Sao_Paulo] Erro de conexão com banco: SQLSTATE[HY000] [2002] Nenhuma conexão pôde ser feita porque a máquina de destino as recusou ativamente
[30-Sep-2026 14:35:04 America/Sao_Paulo] Erro de conexão com banco: SQLSTATE[HY000] [2002] Nenhuma conexão pôde ser feita porque a máquina de destino as recusou ativamente
[30-Sep-2026 14:36:04 America/Sao_Paulo] Erro de conexão com banco: SQLSTATE[HY000] [2002] Nenhuma conexão pôde ser feita porque a máquina de destino as recusou ativamente
[30-Sep-2026 14:37:04 America/Sao_Paulo] Erro de conexão com banco: SQLSTATE[HY000] [2002] Nenhuma conexão pôde ser feita porque a máquina de destino as recusou ativamente
[30-Sep-2026 14:38:04 America/Sao_Paulo] Erro de conexão com banco: SQLSTATE[HY000] [2002] Nenhuma conexão pôde ser feita porque a máquina de destino as recusou ativamente
[30-Sep-2026 14:39:04 America/Sao_Paulo] Erro de conexão com banco: SQLSTATE[HY000] [2002] Nenhuma conexão pôde ser feita porque a máquina de destino as recusou ativamente
[30-Sep-2026 14:39:04 America/Sao_Paulo] Erro de conexão com banco: SQLSTATE[HY000] [2002] Nenhuma conexão pôde ser feita porque a máquina de destino as recusou ativamente
[30-Sep-2026 14:40:04 America/Sao_Paulo] Erro de conexão com banco: SQLSTATE[HY000] [2002] Nenhuma conexão pôde ser feita porque a máquina de destino as recusou ativamente
[30-Sep-2026 14:41:04 America/Sao_Paulo] Erro de conexão com banco: SQLSTATE[HY000] [2002] Nenhuma conexão pôde ser feita porque a máquina de destino as recusou ativamente
[30-Sep-2026 14:42:04 America/Sao_Paulo] Erro de conexão com banco: SQLSTATE[HY000] [2002] Nenhuma conexão pôde ser feita porque a máquina de destino as recusou ativamente
[30-Sep-2026 14:43:04 America/Sao_Paulo] Erro de conexão com banco: SQLSTATE[HY000] [2002] Nenhuma conexão pôde ser feita porque a máquina de destino as recusou ativamente
[30-Sep-2026 14:44:04 America/Sao_Paulo] Erro de conexão com banco: SQLSTATE[HY000] [2002] Nenhuma conexão pôde ser feita porque a máquina de destino as recusou ativamente
[30-Sep-2026 14:44:04 America/Sao_Paulo] Erro de conexão com banco: SQLSTATE[HY000] [2002] Nenhuma conexão pôde ser feita porque a máquina de destino as recusou ativamente
[30-Sep-2026 14:45:04 America/Sao_Paulo] Erro de conexão com banco: SQLSTATE[HY000] [2002] Nenhuma conexão pôde ser feita porque a máquina de destino as recusou ativamente
[30-Sep-2026 14:46:04 America/Sao_Paulo] Erro de conexão com banco: SQLSTATE[HY000] [2002] Nenhuma conexão pôde ser feita porque a máquina de destino as recusou ativamente
[30-Sep-2026 14:47:04 America/Sao_Paulo] Erro de conexão com banco: SQLSTATE[HY000] [2002] Nenhuma conexão pôde ser feita porque a máquina de destino as recusou ativamente
[30-Sep-2026 14:48:04 America/Sao_Paulo] Erro de conexão com banco: SQLSTATE[HY000] [2002] Nenhuma conexão pôde ser feita porque a máquina de destino as recusou ativamente
[30-Sep-2026 14:49:04 America/Sao_Paulo] Erro de conexão com banco: SQLSTATE[HY000] [2002] Nenhuma conexão pôde ser feita porque a máquina de destino as recusou ativamente
[30-Sep-2026 14:49:04 America/Sao_Paulo] Erro de conexão com banco: SQLSTATE[HY000] [2002] Nenhuma conexão pôde ser feita porque a máquina de destino as recusou ativamente
[30-Sep-2026 14:50:04 America/Sao_Paulo] Erro de conexão com banco: SQLSTATE[HY000] [2002] Nenhuma conexão pôde ser feita porque a máquina de destino as recusou ativamente
[30-Sep-2026 14:51:04 America/Sao_Paulo] Erro de conexão com banco: SQLSTATE[HY000] [2002] Nenhuma conexão pôde ser feita porque a máquina de destino as recusou ativamente
[30-Sep-2026 14:52:04 America/Sao_Paulo] Erro de conexão com banco: SQLSTATE[HY000] [2002] Nenhuma conexão pôde ser feita porque a máquina de destino as recusou ativamente
[30-Sep-2026 14:53:04 America/Sao_Paulo] Erro de conexão com banco: SQLSTATE[HY000] [2002] Nenhuma conexão pôde ser feita porque a máquina de destino as recusou ativamente
[30-Sep-2026 14:54:04 America/Sao_Paulo] Erro de conexão com banco: SQLSTATE[HY000] [2002] Nenhuma conexão pôde ser feita porque a máquina de destino as recusou ativamente
[30-Sep-2026 14:54:04 America/Sao_Paulo] Erro de conexão com banco: SQLSTATE[HY000] [2002] Nenhuma conexão pôde ser feita porque a máquina de destino as recusou ativamente
[30-Sep-2026 14:55:04 America/Sao_Paulo] Erro de conexão com banco: SQLSTATE[HY000] [2002] Nenhuma conexão pôde ser feita porque a máquina de destino as recusou ativamente
[30-Sep-2026 14:56:04 America/Sao_Paulo] Erro de conexão com banco: SQLSTATE[HY000] [2002] Nenhuma conexão pôde ser feita porque a máquina de destino as recusou ativamente
[30-Sep-2026 14:57:04 America/Sao_Paulo] Erro de conexão com banco: SQLSTATE[HY000] [2002] Nenhuma conexão pôde ser feita porque a máquina de destino as recusou ativamente
[30-Sep-2026 14:58:04 America/Sao_Paulo] Erro de conexão com banco: SQLSTATE[HY000] [2002] Nenhuma conexão pôde ser feita porque a máquina de destino as recusou ativamente
[30-Sep-2026 14:59:04 America/Sao_Paulo] Erro de conexão com banco: SQLSTATE[HY000] [2002] Nenhuma conexão pôde ser feita porque a máquina de destino as recusou ativamente
[30-Sep-2026 14:59:04 America/Sao_Paulo] Erro de conexão com banco: SQLSTATE[HY000] [2002] Nenhuma conexão pôde ser feita porque a máquina de destino as recusou ativamente
[30-Sep-2026 15:00:04 America/Sao_Paulo] Erro de conexão com banco: SQLSTATE[HY000] [2002] Nenhuma conexão pôde ser feita porque a máquina de destino as recusou ativamente
[30-Sep-2026 15:01:04 America/Sao_Paulo] Erro de conexão com banco: SQLSTATE[HY000] [2002] Nenhuma conexão pôde ser feita porque a máquina de destino as recusou ativamente
[30-Sep-2026 15:02:04 America/Sao_Paulo] Erro de conexão com banco: SQLSTATE[HY000] [2002] Nenhuma conexão pôde ser feita porque a máquina de destino as recusou ativamente
[30-Sep-2026 15:03:04 America/Sao_Paulo] Erro de conexão com banco: SQLSTATE[HY000] [2002] Nenhuma conexão pôde ser feita porque a máquina de destino as recusou ativamente
[30-Sep-2026 15:04:04 America/Sao_Paulo] Erro de conexão com banco: SQLSTATE[HY000] [2002] Nenhuma conexão pôde ser feita porque a máquina de destino as recusou ativamente
[30-Sep-2026 15:04:04 America/Sao_Paulo] Erro de conexão com banco: SQLSTATE[HY000] [2002] Nenhuma conexão pôde ser feita porque a máquina de destino as recusou ativamente
[30-Sep-2026 15:05:04 America/Sao_Paulo] Erro de conexão com banco: SQLSTATE[HY000] [2002] Nenhuma conexão pôde ser feita porque a máquina de destino as recusou ativamente
[30-Sep-2026 15:06:04 America/Sao_Paulo] Erro de conexão com banco: SQLSTATE[HY000] [2002] Nenhuma conexão pôde ser feita porque a máquina de destino as recusou ativamente
[30-Sep-2026 15:07:04 America/Sao_Paulo] Erro de conexão com banco: SQLSTATE[HY000] [2002] Nenhuma conexão pôde ser feita porque a máquina de destino as recusou ativamente
[30-Sep-2026 15:08:04 America/Sao_Paulo] Erro de conexão com banco: SQLSTATE[HY000] [2002] Nenhuma conexão pôde ser feita porque a máquina de destino as recusou ativamente
[30-Sep-2026 15:09:04 America/Sao_Paulo] Erro de conexão com banco: SQLSTATE[HY000] [2002] Nenhuma conexão pôde ser feita porque a máquina de destino as recusou ativamente
[30-Sep-2026 15:09:04 America/Sao_Paulo] Erro de conexão com banco: SQLSTATE[HY000] [2002] Nenhuma conexão pôde ser feita porque a máquina de destino as recusou ativamente
[30-Sep-2026 15:10:04 America/Sao_Paulo] Erro de conexão com banco: SQLSTATE[HY000] [2002] Nenhuma conexão pôde ser feita porque a máquina de destino as recusou ativamente
[30-Sep-2026 15:11:04 America/Sao_Paulo] Erro de conexão com banco: SQLSTATE[HY000] [2002] Nenhuma conexão pôde ser feita porque a máquina de destino as recusou ativamente
[30-Sep-2026 15:12:04 America/Sao_Paulo] Erro de conexão com banco: SQLSTATE[HY000] [2002] Nenhuma conexão pôde ser feita porque a máquina de destino as recusou ativamente
[30-Sep-2026 15:13:04 America/Sao_Paulo] Erro de conexão com banco: SQLSTATE[HY000] [2002] Nenhuma conexão pôde ser feita porque a máquina de destino as recusou ativamente
[30-Sep-2026 15:14:04 America/Sao_Paulo] Erro de conexão com banco: SQLSTATE[HY000] [2002] Nenhuma conexão pôde ser feita porque a máquina de destino as recusou ativamente
[30-Sep-2026 15:14:04 America/Sao_Paulo] Erro de conexão com banco: SQLSTATE[HY000] [2002] Nenhuma conexão pôde ser feita porque a máquina de destino as recusou ativamente
[30-Sep-2026 15:15:04 America/Sao_Paulo] Erro de conexão com banco: SQLSTATE[HY000] [2002] Nenhuma conexão pôde ser feita porque a máquina de destino as recusou ativamente
[30-Sep-2026 15:16:04 America/Sao_Paulo] Erro de conexão com banco: SQLSTATE[HY000] [2002] Nenhuma conexão pôde ser feita porque a máquina de destino as recusou ativamente
[30-Sep-2026 15:17:04 America/Sao_Paulo] Erro de conexão com banco: SQLSTATE[HY000] [2002] Nenhuma conexão pôde ser feita porque a máquina de destino as recusou ativamente
[30-Sep-2026 15:18:04 America/Sao_Paulo] Erro de conexão com banco: SQLSTATE[HY000] [2002] Nenhuma conexão pôde ser feita porque a máquina de destino as recusou ativamente
[30-Sep-2026 15:19:04 America/Sao_Paulo] Erro de conexão com banco: SQLSTATE[HY000] [2002] Nenhuma conexão pôde ser feita porque a máquina de destino as recusou ativamente
[30-Sep-2026 15:19:04 America/Sao_Paulo] Erro de conexão com banco: SQLSTATE[HY000] [2002] Nenhuma conexão pôde ser feita porque a máquina de destino as recusou ativamente
[30-Sep-2026 15:20:05 America/Sao_Paulo] Erro de conexão com banco: SQLSTATE[HY000] [2002] Nenhuma conexão pôde ser feita porque a máquina de destino as recusou ativamente
[30-Sep-2026 15:21:04 America/Sao_Paulo] Erro de conexão com banco: SQLSTATE[HY000] [2002] Nenhuma conexão pôde ser feita porque a máquina de destino as recusou ativamente
[30-Sep-2026 15:22:04 America/Sao_Paulo] Erro de conexão com banco: SQLSTATE[HY000] [2002] Nenhuma conexão pôde ser feita porque a máquina de destino as recusou ativamente
[30-Sep-2026 15:23:04 America/Sao_Paulo] Erro de conexão com banco: SQLSTATE[HY000] [2002] Nenhuma conexão pôde ser feita porque a máquina de destino as recusou ativamente
[30-Sep-2026 15:24:04 America/Sao_Paulo] Erro de conexão com banco: SQLSTATE[HY000] [2002] Nenhuma conexão pôde ser feita porque a máquina de destino as recusou ativamente
[30-Sep-2026 15:24:04 America/Sao_Paulo] Erro de conexão com banco: SQLSTATE[HY000] [2002] Nenhuma conexão pôde ser feita porque a máquina de destino as recusou ativamente
[30-Sep-2026 15:25:05 America/Sao_Paulo] Erro de conexão com banco: SQLSTATE[HY000] [2002] Nenhuma conexão pôde ser feita porque a máquina de destino as recusou ativamente
[30-Sep-2026 15:26:04 America/Sao_Paulo] Erro de conexão com banco: SQLSTATE[HY000] [2002] Nenhuma conexão pôde ser feita porque a máquina de destino as recusou ativamente
[30-Sep-2026 15:27:04 America/Sao_Paulo] Erro de conexão com banco: SQLSTATE[HY000] [2002] Nenhuma conexão pôde ser feita porque a máquina de destino as recusou ativamente
[30-Sep-2026 15:28:04 America/Sao_Paulo] Erro de conexão com banco: SQLSTATE[HY000] [2002] Nenhuma conexão pôde ser feita porque a máquina de destino as recusou ativamente
[30-Sep-2026 15:29:04 America/Sao_Paulo] Erro de conexão com banco: SQLSTATE[HY000] [2002] Nenhuma conexão pôde ser feita porque a máquina de destino as recusou ativamente
[30-Sep-2026 15:29:04 America/Sao_Paulo] Erro de conexão com banco: SQLSTATE[HY000] [2002] Nenhuma conexão pôde ser feita porque a máquina de destino as recusou ativamente
[30-Sep-2026 15:30:05 America/Sao_Paulo] Erro de conexão com banco: SQLSTATE[HY000] [2002] Nenhuma conexão pôde ser feita porque a máquina de destino as recusou ativamente
[30-Sep-2026 15:31:04 America/Sao_Paulo] Erro de conexão com banco: SQLSTATE[HY000] [2002] Nenhuma conexão pôde ser feita porque a máquina de destino as recusou ativamente
[30-Sep-2026 15:32:04 America/Sao_Paulo] Erro de conexão com banco: SQLSTATE[HY000] [2002] Nenhuma conexão pôde ser feita porque a máquina de destino as recusou ativamente
[30-Sep-2026 15:33:04 America/Sao_Paulo] Erro de conexão com banco: SQLSTATE[HY000] [2002] Nenhuma conexão pôde ser feita porque a máquina de destino as recusou ativamente
[30-Sep-2026 15:34:04 America/Sao_Paulo] Erro de conexão com banco: SQLSTATE[HY000] [2002] Nenhuma conexão pôde ser feita porque a máquina de destino as recusou ativamente
[30-Sep-2026 15:34:04 America/Sao_Paulo] Erro de conexão com banco: SQLSTATE[HY000] [2002] Nenhuma conexão pôde ser feita porque a máquina de destino as recusou ativamente
[30-Sep-2026 15:35:04 America/Sao_Paulo] Erro de conexão com banco: SQLSTATE[HY000] [2002] Nenhuma conexão pôde ser feita porque a máquina de destino as recusou ativamente
[30-Sep-2026 15:36:04 America/Sao_Paulo] Erro de conexão com banco: SQLSTATE[HY000] [2002] Nenhuma conexão pôde ser feita porque a máquina de destino as recusou ativamente
[30-Sep-2026 15:37:04 America/Sao_Paulo] Erro de conexão com banco: SQLSTATE[HY000] [2002] Nenhuma conexão pôde ser feita porque a máquina de destino as recusou ativamente
[30-Sep-2026 15:38:05 America/Sao_Paulo] Erro de conexão com banco: SQLSTATE[HY000] [2002] Nenhuma conexão pôde ser feita porque a máquina de destino as recusou ativamente
[30-Sep-2026 15:39:04 America/Sao_Paulo] Erro de conexão com banco: SQLSTATE[HY000] [2002] Nenhuma conexão pôde ser feita porque a máquina de destino as recusou ativamente
[30-Sep-2026 15:39:05 America/Sao_Paulo] Erro de conexão com banco: SQLSTATE[HY000] [2002] Nenhuma conexão pôde ser feita porque a máquina de destino as recusou ativamente
[30-Sep-2026 15:40:05 America/Sao_Paulo] Erro de conexão com banco: SQLSTATE[HY000] [2002] Nenhuma conexão pôde ser feita porque a máquina de destino as recusou ativamente
[30-Sep-2026 15:41:04 America/Sao_Paulo] Erro de conexão com banco: SQLSTATE[HY000] [2002] Nenhuma conexão pôde ser feita porque a máquina de destino as recusou ativamente
[30-Sep-2026 15:42:05 America/Sao_Paulo] Erro de conexão com banco: SQLSTATE[HY000] [2002] Nenhuma conexão pôde ser feita porque a máquina de destino as recusou ativamente
[30-Sep-2026 15:43:05 America/Sao_Paulo] Erro de conexão com banco: SQLSTATE[HY000] [2002] Nenhuma conexão pôde ser feita porque a máquina de destino as recusou ativamente
[30-Sep-2026 15:44:04 America/Sao_Paulo] Erro de conexão com banco: SQLSTATE[HY000] [2002] Nenhuma conexão pôde ser feita porque a máquina de destino as recusou ativamente
[30-Sep-2026 15:44:05 America/Sao_Paulo] Erro de conexão com banco: SQLSTATE[HY000] [2002] Nenhuma conexão pôde ser feita porque a máquina de destino as recusou ativamente
[30-Sep-2026 15:45:12 America/Sao_Paulo] Erro de conexão com banco: SQLSTATE[HY000] [2002] Nenhuma conexão pôde ser feita porque a máquina de destino as recusou ativamente
[30-Sep-2026 15:46:09 America/Sao_Paulo] Erro de conexão com banco: SQLSTATE[HY000] [2002] Nenhuma conexão pôde ser feita porque a máquina de destino as recusou ativamente
[30-Sep-2026 15:47:04 America/Sao_Paulo] Erro de conexão com banco: SQLSTATE[HY000] [2002] Nenhuma conexão pôde ser feita porque a máquina de destino as recusou ativamente
[30-Sep-2026 15:48:04 America/Sao_Paulo] Erro de conexão com banco: SQLSTATE[HY000] [2002] Nenhuma conexão pôde ser feita porque a máquina de destino as recusou ativamente
[30-Sep-2026 15:49:04 America/Sao_Paulo] Erro de conexão com banco: SQLSTATE[HY000] [2002] Nenhuma conexão pôde ser feita porque a máquina de destino as recusou ativamente
[30-Sep-2026 15:49:04 America/Sao_Paulo] Erro de conexão com banco: SQLSTATE[HY000] [2002] Nenhuma conexão pôde ser feita porque a máquina de destino as recusou ativamente
[30-Sep-2026 15:50:04 America/Sao_Paulo] Erro de conexão com banco: SQLSTATE[HY000] [2002] Nenhuma conexão pôde ser feita porque a máquina de destino as recusou ativamente
[30-Sep-2026 15:51:04 America/Sao_Paulo] Erro de conexão com banco: SQLSTATE[HY000] [2002] Nenhuma conexão pôde ser feita porque a máquina de destino as recusou ativamente
[30-Sep-2026 15:52:04 America/Sao_Paulo] Erro de conexão com banco: SQLSTATE[HY000] [2002] Nenhuma conexão pôde ser feita porque a máquina de destino as recusou ativamente
[30-Sep-2026 15:53:04 America/Sao_Paulo] Erro de conexão com banco: SQLSTATE[HY000] [2002] Nenhuma conexão pôde ser feita porque a máquina de destino as recusou ativamente
[30-Sep-2026 15:54:04 America/Sao_Paulo] Erro de conexão com banco: SQLSTATE[HY000] [2002] Nenhuma conexão pôde ser feita porque a máquina de destino as recusou ativamente
[30-Sep-2026 15:54:04 America/Sao_Paulo] Erro de conexão com banco: SQLSTATE[HY000] [2002] Nenhuma conexão pôde ser feita porque a máquina de destino as recusou ativamente
[30-Sep-2026 15:55:04 America/Sao_Paulo] Erro de conexão com banco: SQLSTATE[HY000] [2002] Nenhuma conexão pôde ser feita porque a máquina de destino as recusou ativamente
[30-Sep-2026 15:56:04 America/Sao_Paulo] Erro de conexão com banco: SQLSTATE[HY000] [2002] Nenhuma conexão pôde ser feita porque a máquina de destino as recusou ativamente
[30-Sep-2026 15:57:04 America/Sao_Paulo] Erro de conexão com banco: SQLSTATE[HY000] [2002] Nenhuma conexão pôde ser feita porque a máquina de destino as recusou ativamente
[30-Sep-2026 15:58:04 America/Sao_Paulo] Erro de conexão com banco: SQLSTATE[HY000] [2002] Nenhuma conexão pôde ser feita porque a máquina de destino as recusou ativamente
[30-Sep-2026 15:59:04 America/Sao_Paulo] Erro de conexão com banco: SQLSTATE[HY000] [2002] Nenhuma conexão pôde ser feita porque a máquina de destino as recusou ativamente
[30-Sep-2026 15:59:04 America/Sao_Paulo] Erro de conexão com banco: SQLSTATE[HY000] [2002] Nenhuma conexão pôde ser feita porque a máquina de destino as recusou ativamente
[30-Sep-2026 16:00:04 America/Sao_Paulo] Erro de conexão com banco: SQLSTATE[HY000] [2002] Nenhuma conexão pôde ser feita porque a máquina de destino as recusou ativamente
[30-Sep-2026 16:01:04 America/Sao_Paulo] Erro de conexão com banco: SQLSTATE[HY000] [2002] Nenhuma conexão pôde ser feita porque a máquina de destino as recusou ativamente
[30-Sep-2026 16:02:04 America/Sao_Paulo] Erro de conexão com banco: SQLSTATE[HY000] [2002] Nenhuma conexão pôde ser feita porque a máquina de destino as recusou ativamente
[30-Sep-2026 16:03:04 America/Sao_Paulo] Erro de conexão com banco: SQLSTATE[HY000] [2002] Nenhuma conexão pôde ser feita porque a máquina de destino as recusou ativamente
[30-Sep-2026 16:04:04 America/Sao_Paulo] Erro de conexão com banco: SQLSTATE[HY000] [2002] Nenhuma conexão pôde ser feita porque a máquina de destino as recusou ativamente
[30-Sep-2026 16:04:04 America/Sao_Paulo] Erro de conexão com banco: SQLSTATE[HY000] [2002] Nenhuma conexão pôde ser feita porque a máquina de destino as recusou ativamente
[30-Sep-2026 16:05:04 America/Sao_Paulo] Erro de conexão com banco: SQLSTATE[HY000] [2002] Nenhuma conexão pôde ser feita porque a máquina de destino as recusou ativamente
[30-Sep-2026 16:06:04 America/Sao_Paulo] Erro de conexão com banco: SQLSTATE[HY000] [2002] Nenhuma conexão pôde ser feita porque a máquina de destino as recusou ativamente
[30-Sep-2026 16:07:04 America/Sao_Paulo] Erro de conexão com banco: SQLSTATE[HY000] [2002] Nenhuma conexão pôde ser feita porque a máquina de destino as recusou ativamente
[30-Sep-2026 16:08:04 America/Sao_Paulo] Erro de conexão com banco: SQLSTATE[HY000] [2002] Nenhuma conexão pôde ser feita porque a máquina de destino as recusou ativamente
[30-Sep-2026 16:09:04 America/Sao_Paulo] Erro de conexão com banco: SQLSTATE[HY000] [2002] Nenhuma conexão pôde ser feita porque a máquina de destino as recusou ativamente
[30-Sep-2026 16:09:04 America/Sao_Paulo] Erro de conexão com banco: SQLSTATE[HY000] [2002] Nenhuma conexão pôde ser feita porque a máquina de destino as recusou ativamente
[30-Sep-2026 16:10:04 America/Sao_Paulo] Erro de conexão com banco: SQLSTATE[HY000] [2002] Nenhuma conexão pôde ser feita porque a máquina de destino as recusou ativamente
[30-Sep-2026 16:11:04 America/Sao_Paulo] Erro de conexão com banco: SQLSTATE[HY000] [2002] Nenhuma conexão pôde ser feita porque a máquina de destino as recusou ativamente
[30-Sep-2026 16:12:04 America/Sao_Paulo] Erro de conexão com banco: SQLSTATE[HY000] [2002] Nenhuma conexão pôde ser feita porque a máquina de destino as recusou ativamente
[30-Sep-2026 16:13:04 America/Sao_Paulo] Erro de conexão com banco: SQLSTATE[HY000] [2002] Nenhuma conexão pôde ser feita porque a máquina de destino as recusou ativamente
[30-Sep-2026 16:14:04 America/Sao_Paulo] Erro de conexão com banco: SQLSTATE[HY000] [2002] Nenhuma conexão pôde ser feita porque a máquina de destino as recusou ativamente
[30-Sep-2026 16:14:04 America/Sao_Paulo] Erro de conexão com banco: SQLSTATE[HY000] [2002] Nenhuma conexão pôde ser feita porque a máquina de destino as recusou ativamente
[30-Sep-2026 16:15:04 America/Sao_Paulo] Erro de conexão com banco: SQLSTATE[HY000] [2002] Nenhuma conexão pôde ser feita porque a máquina de destino as recusou ativamente
[30-Sep-2026 16:16:04 America/Sao_Paulo] Erro de conexão com banco: SQLSTATE[HY000] [2002] Nenhuma conexão pôde ser feita porque a máquina de destino as recusou ativamente
[30-Sep-2026 16:17:04 America/Sao_Paulo] Erro de conexão com banco: SQLSTATE[HY000] [2002] Nenhuma conexão pôde ser feita porque a máquina de destino as recusou ativamente
[30-Sep-2026 16:18:04 America/Sao_Paulo] Erro de conexão com banco: SQLSTATE[HY000] [2002] Nenhuma conexão pôde ser feita porque a máquina de destino as recusou ativamente
[30-Sep-2026 16:19:04 America/Sao_Paulo] Erro de conexão com banco: SQLSTATE[HY000] [2002] Nenhuma conexão pôde ser feita porque a máquina de destino as recusou ativamente
[30-Sep-2026 16:19:04 America/Sao_Paulo] Erro de conexão com banco: SQLSTATE[HY000] [2002] Nenhuma conexão pôde ser feita porque a máquina de destino as recusou ativamente
[30-Sep-2026 16:20:04 America/Sao_Paulo] Erro de conexão com banco: SQLSTATE[HY000] [2002] Nenhuma conexão pôde ser feita porque a máquina de destino as recusou ativamente
[30-Sep-2026 16:21:04 America/Sao_Paulo] Erro de conexão com banco: SQLSTATE[HY000] [2002] Nenhuma conexão pôde ser feita porque a máquina de destino as recusou ativamente
[30-Sep-2026 16:22:04 America/Sao_Paulo] Erro de conexão com banco: SQLSTATE[HY000] [2002] Nenhuma conexão pôde ser feita porque a máquina de destino as recusou ativamente
[30-Sep-2026 16:23:04 America/Sao_Paulo] Erro de conexão com banco: SQLSTATE[HY000] [2002] Nenhuma conexão pôde ser feita porque a máquina de destino as recusou ativamente
[30-Sep-2026 16:24:04 America/Sao_Paulo] Erro de conexão com banco: SQLSTATE[HY000] [2002] Nenhuma conexão pôde ser feita porque a máquina de destino as recusou ativamente
[30-Sep-2026 16:24:04 America/Sao_Paulo] Erro de conexão com banco: SQLSTATE[HY000] [2002] Nenhuma conexão pôde ser feita porque a máquina de destino as recusou ativamente
[30-Sep-2026 16:25:04 America/Sao_Paulo] Erro de conexão com banco: SQLSTATE[HY000] [2002] Nenhuma conexão pôde ser feita porque a máquina de destino as recusou ativamente
[30-Sep-2026 16:26:04 America/Sao_Paulo] Erro de conexão com banco: SQLSTATE[HY000] [2002] Nenhuma conexão pôde ser feita porque a máquina de destino as recusou ativamente
[30-Sep-2026 16:27:04 America/Sao_Paulo] Erro de conexão com banco: SQLSTATE[HY000] [2002] Nenhuma conexão pôde ser feita porque a máquina de destino as recusou ativamente
[30-Sep-2026 16:28:04 America/Sao_Paulo] Erro de conexão com banco: SQLSTATE[HY000] [2002] Nenhuma conexão pôde ser feita porque a máquina de destino as recusou ativamente
[30-Sep-2026 16:29:04 America/Sao_Paulo] Erro de conexão com banco: SQLSTATE[HY000] [2002] Nenhuma conexão pôde ser feita porque a máquina de destino as recusou ativamente
[30-Sep-2026 16:29:04 America/Sao_Paulo] Erro de conexão com banco: SQLSTATE[HY000] [2002] Nenhuma conexão pôde ser feita porque a máquina de destino as recusou ativamente
[30-Sep-2026 16:30:05 America/Sao_Paulo] Erro de conexão com banco: SQLSTATE[HY000] [2002] Nenhuma conexão pôde ser feita porque a máquina de destino as recusou ativamente
[30-Sep-2026 16:31:04 America/Sao_Paulo] Erro de conexão com banco: SQLSTATE[HY000] [2002] Nenhuma conexão pôde ser feita porque a máquina de destino as recusou ativamente
[30-Sep-2026 16:32:04 America/Sao_Paulo] Erro de conexão com banco: SQLSTATE[HY000] [2002] Nenhuma conexão pôde ser feita porque a máquina de destino as recusou ativamente
[30-Sep-2026 16:33:04 America/Sao_Paulo] Erro de conexão com banco: SQLSTATE[HY000] [2002] Nenhuma conexão pôde ser feita porque a máquina de destino as recusou ativamente
[30-Sep-2026 16:34:04 America/Sao_Paulo] Erro de conexão com banco: SQLSTATE[HY000] [2002] Nenhuma conexão pôde ser feita porque a máquina de destino as recusou ativamente
[30-Sep-2026 16:34:04 America/Sao_Paulo] Erro de conexão com banco: SQLSTATE[HY000] [2002] Nenhuma conexão pôde ser feita porque a máquina de destino as recusou ativamente
[30-Sep-2026 16:35:04 America/Sao_Paulo] Erro de conexão com banco: SQLSTATE[HY000] [2002] Nenhuma conexão pôde ser feita porque a máquina de destino as recusou ativamente
[30-Sep-2026 16:36:04 America/Sao_Paulo] Erro de conexão com banco: SQLSTATE[HY000] [2002] Nenhuma conexão pôde ser feita porque a máquina de destino as recusou ativamente
[30-Sep-2026 16:37:04 America/Sao_Paulo] Erro de conexão com banco: SQLSTATE[HY000] [2002] Nenhuma conexão pôde ser feita porque a máquina de destino as recusou ativamente
[30-Sep-2026 16:38:04 America/Sao_Paulo] Erro de conexão com banco: SQLSTATE[HY000] [2002] Nenhuma conexão pôde ser feita porque a máquina de destino as recusou ativamente
[30-Sep-2026 16:39:04 America/Sao_Paulo] Erro de conexão com banco: SQLSTATE[HY000] [2002] Nenhuma conexão pôde ser feita porque a máquina de destino as recusou ativamente
[30-Sep-2026 16:39:04 America/Sao_Paulo] Erro de conexão com banco: SQLSTATE[HY000] [2002] Nenhuma conexão pôde ser feita porque a máquina de destino as recusou ativamente
[30-Sep-2026 16:40:04 America/Sao_Paulo] Erro de conexão com banco: SQLSTATE[HY000] [2002] Nenhuma conexão pôde ser feita porque a máquina de destino as recusou ativamente
[30-Sep-2026 16:41:04 America/Sao_Paulo] Erro de conexão com banco: SQLSTATE[HY000] [2002] Nenhuma conexão pôde ser feita porque a máquina de destino as recusou ativamente
[30-Sep-2026 16:42:04 America/Sao_Paulo] Erro de conexão com banco: SQLSTATE[HY000] [2002] Nenhuma conexão pôde ser feita porque a máquina de destino as recusou ativamente
[30-Sep-2026 16:43:04 America/Sao_Paulo] Erro de conexão com banco: SQLSTATE[HY000] [2002] Nenhuma conexão pôde ser feita porque a máquina de destino as recusou ativamente
[30-Sep-2026 16:44:04 America/Sao_Paulo] Erro de conexão com banco: SQLSTATE[HY000] [2002] Nenhuma conexão pôde ser feita porque a máquina de destino as recusou ativamente
[30-Sep-2026 16:44:04 America/Sao_Paulo] Erro de conexão com banco: SQLSTATE[HY000] [2002] Nenhuma conexão pôde ser feita porque a máquina de destino as recusou ativamente
[30-Sep-2026 16:45:05 America/Sao_Paulo] Erro de conexão com banco: SQLSTATE[HY000] [2002] Nenhuma conexão pôde ser feita porque a máquina de destino as recusou ativamente
[30-Sep-2026 16:46:04 America/Sao_Paulo] Erro de conexão com banco: SQLSTATE[HY000] [2002] Nenhuma conexão pôde ser feita porque a máquina de destino as recusou ativamente
[30-Sep-2026 16:47:04 America/Sao_Paulo] Erro de conexão com banco: SQLSTATE[HY000] [2002] Nenhuma conexão pôde ser feita porque a máquina de destino as recusou ativamente
[30-Sep-2026 16:48:05 America/Sao_Paulo] Erro de conexão com banco: SQLSTATE[HY000] [2002] Nenhuma conexão pôde ser feita porque a máquina de destino as recusou ativamente
[30-Sep-2026 16:49:04 America/Sao_Paulo] Erro de conexão com banco: SQLSTATE[HY000] [2002] Nenhuma conexão pôde ser feita porque a máquina de destino as recusou ativamente
[30-Sep-2026 16:49:04 America/Sao_Paulo] Erro de conexão com banco: SQLSTATE[HY000] [2002] Nenhuma conexão pôde ser feita porque a máquina de destino as recusou ativamente
[30-Sep-2026 16:50:04 America/Sao_Paulo] Erro de conexão com banco: SQLSTATE[HY000] [2002] Nenhuma conexão pôde ser feita porque a máquina de destino as recusou ativamente
[30-Sep-2026 16:51:04 America/Sao_Paulo] Erro de conexão com banco: SQLSTATE[HY000] [2002] Nenhuma conexão pôde ser feita porque a máquina de destino as recusou ativamente
[30-Sep-2026 16:52:05 America/Sao_Paulo] Erro de conexão com banco: SQLSTATE[HY000] [2002] Nenhuma conexão pôde ser feita porque a máquina de destino as recusou ativamente
[30-Sep-2026 16:53:04 America/Sao_Paulo] Erro de conexão com banco: SQLSTATE[HY000] [2002] Nenhuma conexão pôde ser feita porque a máquina de destino as recusou ativamente
[30-Sep-2026 16:54:04 America/Sao_Paulo] Erro de conexão com banco: SQLSTATE[HY000] [2002] Nenhuma conexão pôde ser feita porque a máquina de destino as recusou ativamente
[30-Sep-2026 16:54:04 America/Sao_Paulo] Erro de conexão com banco: SQLSTATE[HY000] [2002] Nenhuma conexão pôde ser feita porque a máquina de destino as recusou ativamente
[30-Sep-2026 16:55:05 America/Sao_Paulo] Erro de conexão com banco: SQLSTATE[HY000] [2002] Nenhuma conexão pôde ser feita porque a máquina de destino as recusou ativamente
[30-Sep-2026 16:56:04 America/Sao_Paulo] Erro de conexão com banco: SQLSTATE[HY000] [2002] Nenhuma conexão pôde ser feita porque a máquina de destino as recusou ativamente
[30-Sep-2026 16:57:04 America/Sao_Paulo] Erro de conexão com banco: SQLSTATE[HY000] [2002] Nenhuma conexão pôde ser feita porque a máquina de destino as recusou ativamente
[30-Sep-2026 16:58:05 America/Sao_Paulo] Erro de conexão com banco: SQLSTATE[HY000] [2002] Nenhuma conexão pôde ser feita porque a máquina de destino as recusou ativamente
[30-Sep-2026 16:59:04 America/Sao_Paulo] Erro de conexão com banco: SQLSTATE[HY000] [2002] Nenhuma conexão pôde ser feita porque a máquina de destino as recusou ativamente
[30-Sep-2026 16:59:04 America/Sao_Paulo] Erro de conexão com banco: SQLSTATE[HY000] [2002] Nenhuma conexão pôde ser feita porque a máquina de destino as recusou ativamente
[30-Sep-2026 17:00:05 America/Sao_Paulo] Erro de conexão com banco: SQLSTATE[HY000] [2002] Nenhuma conexão pôde ser feita porque a máquina de destino as recusou ativamente
[30-Sep-2026 17:01:04 America/Sao_Paulo] Erro de conexão com banco: SQLSTATE[HY000] [2002] Nenhuma conexão pôde ser feita porque a máquina de destino as recusou ativamente
[30-Sep-2026 17:02:05 America/Sao_Paulo] Erro de conexão com banco: SQLSTATE[HY000] [2002] Nenhuma conexão pôde ser feita porque a máquina de destino as recusou ativamente
[30-Sep-2026 17:03:04 America/Sao_Paulo] Erro de conexão com banco: SQLSTATE[HY000] [2002] Nenhuma conexão pôde ser feita porque a máquina de destino as recusou ativamente
[30-Sep-2026 17:04:04 America/Sao_Paulo] Erro de conexão com banco: SQLSTATE[HY000] [2002] Nenhuma conexão pôde ser feita porque a máquina de destino as recusou ativamente
[30-Sep-2026 17:04:05 America/Sao_Paulo] Erro de conexão com banco: SQLSTATE[HY000] [2002] Nenhuma conexão pôde ser feita porque a máquina de destino as recusou ativamente
[30-Sep-2026 17:05:05 America/Sao_Paulo] Erro de conexão com banco: SQLSTATE[HY000] [2002] Nenhuma conexão pôde ser feita porque a máquina de destino as recusou ativamente
[30-Sep-2026 17:06:05 America/Sao_Paulo] Erro de conexão com banco: SQLSTATE[HY000] [2002] Nenhuma conexão pôde ser feita porque a máquina de destino as recusou ativamente
[30-Sep-2026 17:07:05 America/Sao_Paulo] Erro de conexão com banco: SQLSTATE[HY000] [2002] Nenhuma conexão pôde ser feita porque a máquina de destino as recusou ativamente
[30-Sep-2026 17:08:05 America/Sao_Paulo] Erro de conexão com banco: SQLSTATE[HY000] [2002] Nenhuma conexão pôde ser feita porque a máquina de destino as recusou ativamente
[30-Sep-2026 17:09:04 America/Sao_Paulo] Erro de conexão com banco: SQLSTATE[HY000] [2002] Nenhuma conexão pôde ser feita porque a máquina de destino as recusou ativamente
[30-Sep-2026 17:09:05 America/Sao_Paulo] Erro de conexão com banco: SQLSTATE[HY000] [2002] Nenhuma conexão pôde ser feita porque a máquina de destino as recusou ativamente
[30-Sep-2026 17:10:05 America/Sao_Paulo] Erro de conexão com banco: SQLSTATE[HY000] [2002] Nenhuma conexão pôde ser feita porque a máquina de destino as recusou ativamente
[30-Sep-2026 17:11:05 America/Sao_Paulo] Erro de conexão com banco: SQLSTATE[HY000] [2002] Nenhuma conexão pôde ser feita porque a máquina de destino as recusou ativamente
[30-Sep-2026 17:12:05 America/Sao_Paulo] Erro de conexão com banco: SQLSTATE[HY000] [2002] Nenhuma conexão pôde ser feita porque a máquina de destino as recusou ativamente
[30-Sep-2026 17:13:05 America/Sao_Paulo] Erro de conexão com banco: SQLSTATE[HY000] [2002] Nenhuma conexão pôde ser feita porque a máquina de destino as recusou ativamente
[30-Sep-2026 17:14:04 America/Sao_Paulo] Erro de conexão com banco: SQLSTATE[HY000] [2002] Nenhuma conexão pôde ser feita porque a máquina de destino as recusou ativamente
[30-Sep-2026 17:14:05 America/Sao_Paulo] Erro de conexão com banco: SQLSTATE[HY000] [2002] Nenhuma conexão pôde ser feita porque a máquina de destino as recusou ativamente
[30-Sep-2026 17:15:05 America/Sao_Paulo] Erro de conexão com banco: SQLSTATE[HY000] [2002] Nenhuma conexão pôde ser feita porque a máquina de destino as recusou ativamente
[30-Sep-2026 17:16:05 America/Sao_Paulo] Erro de conexão com banco: SQLSTATE[HY000] [2002] Nenhuma conexão pôde ser feita porque a máquina de destino as recusou ativamente
[30-Sep-2026 17:17:05 America/Sao_Paulo] Erro de conexão com banco: SQLSTATE[HY000] [2002] Nenhuma conexão pôde ser feita porque a máquina de destino as recusou ativamente
[30-Sep-2026 17:18:05 America/Sao_Paulo] Erro de conexão com banco: SQLSTATE[HY000] [2002] Nenhuma conexão pôde ser feita porque a máquina de destino as recusou ativamente
[30-Sep-2026 17:19:04 America/Sao_Paulo] Erro de conexão com banco: SQLSTATE[HY000] [2002] Nenhuma conexão pôde ser feita porque a máquina de destino as recusou ativamente
[30-Sep-2026 17:19:05 America/Sao_Paulo] Erro de conexão com banco: SQLSTATE[HY000] [2002] Nenhuma conexão pôde ser feita porque a máquina de destino as recusou ativamente
[30-Sep-2026 17:20:05 America/Sao_Paulo] Erro de conexão com banco: SQLSTATE[HY000] [2002] Nenhuma conexão pôde ser feita porque a máquina de destino as recusou ativamente
[30-Sep-2026 17:21:05 America/Sao_Paulo] Erro de conexão com banco: SQLSTATE[HY000] [2002] Nenhuma conexão pôde ser feita porque a máquina de destino as recusou ativamente
[30-Sep-2026 17:22:05 America/Sao_Paulo] Erro de conexão com banco: SQLSTATE[HY000] [2002] Nenhuma conexão pôde ser feita porque a máquina de destino as recusou ativamente
[30-Sep-2026 17:23:05 America/Sao_Paulo] Erro de conexão com banco: SQLSTATE[HY000] [2002] Nenhuma conexão pôde ser feita porque a máquina de destino as recusou ativamente
[30-Sep-2026 17:24:04 America/Sao_Paulo] Erro de conexão com banco: SQLSTATE[HY000] [2002] Nenhuma conexão pôde ser feita porque a máquina de destino as recusou ativamente
[30-Sep-2026 17:24:05 America/Sao_Paulo] Erro de conexão com banco: SQLSTATE[HY000] [2002] Nenhuma conexão pôde ser feita porque a máquina de destino as recusou ativamente
[30-Sep-2026 17:25:05 America/Sao_Paulo] Erro de conexão com banco: SQLSTATE[HY000] [2002] Nenhuma conexão pôde ser feita porque a máquina de destino as recusou ativamente
[30-Sep-2026 17:26:05 America/Sao_Paulo] Erro de conexão com banco: SQLSTATE[HY000] [2002] Nenhuma conexão pôde ser feita porque a máquina de destino as recusou ativamente
[30-Sep-2026 17:27:05 America/Sao_Paulo] Erro de conexão com banco: SQLSTATE[HY000] [2002] Nenhuma conexão pôde ser feita porque a máquina de destino as recusou ativamente
[30-Sep-2026 17:28:04 America/Sao_Paulo] Erro de conexão com banco: SQLSTATE[HY000] [2002] Nenhuma conexão pôde ser feita porque a máquina de destino as recusou ativamente
[30-Sep-2026 17:29:04 America/Sao_Paulo] Erro de conexão com banco: SQLSTATE[HY000] [2002] Nenhuma conexão pôde ser feita porque a máquina de destino as recusou ativamente
[30-Sep-2026 17:29:05 America/Sao_Paulo] Erro de conexão com banco: SQLSTATE[HY000] [2002] Nenhuma conexão pôde ser feita porque a máquina de destino as recusou ativamente
[30-Sep-2026 17:30:04 America/Sao_Paulo] Erro de conexão com banco: SQLSTATE[HY000] [2002] Nenhuma conexão pôde ser feita porque a máquina de destino as recusou ativamente
[30-Sep-2026 17:31:04 America/Sao_Paulo] Erro de conexão com banco: SQLSTATE[HY000] [2002] Nenhuma conexão pôde ser feita porque a máquina de destino as recusou ativamente
[30-Sep-2026 17:32:04 America/Sao_Paulo] Erro de conexão com banco: SQLSTATE[HY000] [2002] Nenhuma conexão pôde ser feita porque a máquina de destino as recusou ativamente
[30-Sep-2026 17:33:04 America/Sao_Paulo] Erro de conexão com banco: SQLSTATE[HY000] [2002] Nenhuma conexão pôde ser feita porque a máquina de destino as recusou ativamente
[30-Sep-2026 17:34:04 America/Sao_Paulo] Erro de conexão com banco: SQLSTATE[HY000] [2002] Nenhuma conexão pôde ser feita porque a máquina de destino as recusou ativamente
[30-Sep-2026 17:34:04 America/Sao_Paulo] Erro de conexão com banco: SQLSTATE[HY000] [2002] Nenhuma conexão pôde ser feita porque a máquina de destino as recusou ativamente
[30-Sep-2026 17:35:04 America/Sao_Paulo] Erro de conexão com banco: SQLSTATE[HY000] [2002] Nenhuma conexão pôde ser feita porque a máquina de destino as recusou ativamente
[30-Sep-2026 17:36:04 America/Sao_Paulo] Erro de conexão com banco: SQLSTATE[HY000] [2002] Nenhuma conexão pôde ser feita porque a máquina de destino as recusou ativamente
[30-Sep-2026 17:37:04 America/Sao_Paulo] Erro de conexão com banco: SQLSTATE[HY000] [2002] Nenhuma conexão pôde ser feita porque a máquina de destino as recusou ativamente
[30-Sep-2026 17:38:04 America/Sao_Paulo] Erro de conexão com banco: SQLSTATE[HY000] [2002] Nenhuma conexão pôde ser feita porque a máquina de destino as recusou ativamente
[30-Sep-2026 17:39:04 America/Sao_Paulo] Erro de conexão com banco: SQLSTATE[HY000] [2002] Nenhuma conexão pôde ser feita porque a máquina de destino as recusou ativamente
[30-Sep-2026 17:39:04 America/Sao_Paulo] Erro de conexão com banco: SQLSTATE[HY000] [2002] Nenhuma conexão pôde ser feita porque a máquina de destino as recusou ativamente
[30-Sep-2026 17:40:04 America/Sao_Paulo] Erro de conexão com banco: SQLSTATE[HY000] [2002] Nenhuma conexão pôde ser feita porque a máquina de destino as recusou ativamente
[30-Sep-2026 17:41:04 America/Sao_Paulo] Erro de conexão com banco: SQLSTATE[HY000] [2002] Nenhuma conexão pôde ser feita porque a máquina de destino as recusou ativamente
[30-Sep-2026 17:42:04 America/Sao_Paulo] Erro de conexão com banco: SQLSTATE[HY000] [2002] Nenhuma conexão pôde ser feita porque a máquina de destino as recusou ativamente
[30-Sep-2026 17:43:04 America/Sao_Paulo] Erro de conexão com banco: SQLSTATE[HY000] [2002] Nenhuma conexão pôde ser feita porque a máquina de destino as recusou ativamente
[30-Sep-2026 17:44:05 America/Sao_Paulo] Erro de conexão com banco: SQLSTATE[HY000] [2002] Nenhuma conexão pôde ser feita porque a máquina de destino as recusou ativamente
[30-Sep-2026 17:44:05 America/Sao_Paulo] Erro de conexão com banco: SQLSTATE[HY000] [2002] Nenhuma conexão pôde ser feita porque a máquina de destino as recusou ativamente
[30-Sep-2026 17:45:04 America/Sao_Paulo] Erro de conexão com banco: SQLSTATE[HY000] [2002] Nenhuma conexão pôde ser feita porque a máquina de destino as recusou ativamente
[30-Sep-2026 17:46:06 America/Sao_Paulo] Erro de conexão com banco: SQLSTATE[HY000] [2002] Nenhuma conexão pôde ser feita porque a máquina de destino as recusou ativamente
[30-Sep-2026 17:47:04 America/Sao_Paulo] Erro de conexão com banco: SQLSTATE[HY000] [2002] Nenhuma conexão pôde ser feita porque a máquina de destino as recusou ativamente
[30-Sep-2026 17:48:04 America/Sao_Paulo] Erro de conexão com banco: SQLSTATE[HY000] [2002] Nenhuma conexão pôde ser feita porque a máquina de destino as recusou ativamente
[30-Sep-2026 17:49:04 America/Sao_Paulo] Erro de conexão com banco: SQLSTATE[HY000] [2002] Nenhuma conexão pôde ser feita porque a máquina de destino as recusou ativamente
[30-Sep-2026 17:49:04 America/Sao_Paulo] Erro de conexão com banco: SQLSTATE[HY000] [2002] Nenhuma conexão pôde ser feita porque a máquina de destino as recusou ativamente
[30-Sep-2026 17:50:04 America/Sao_Paulo] Erro de conexão com banco: SQLSTATE[HY000] [2002] Nenhuma conexão pôde ser feita porque a máquina de destino as recusou ativamente
[30-Sep-2026 17:51:04 America/Sao_Paulo] Erro de conexão com banco: SQLSTATE[HY000] [2002] Nenhuma conexão pôde ser feita porque a máquina de destino as recusou ativamente
[30-Sep-2026 17:52:04 America/Sao_Paulo] Erro de conexão com banco: SQLSTATE[HY000] [2002] Nenhuma conexão pôde ser feita porque a máquina de destino as recusou ativamente
[30-Sep-2026 17:53:04 America/Sao_Paulo] Erro de conexão com banco: SQLSTATE[HY000] [2002] Nenhuma conexão pôde ser feita porque a máquina de destino as recusou ativamente
[30-Sep-2026 17:54:04 America/Sao_Paulo] Erro de conexão com banco: SQLSTATE[HY000] [2002] Nenhuma conexão pôde ser feita porque a máquina de destino as recusou ativamente
[30-Sep-2026 17:54:04 America/Sao_Paulo] Erro de conexão com banco: SQLSTATE[HY000] [2002] Nenhuma conexão pôde ser feita porque a máquina de destino as recusou ativamente
[30-Sep-2026 17:55:04 America/Sao_Paulo] Erro de conexão com banco: SQLSTATE[HY000] [2002] Nenhuma conexão pôde ser feita porque a máquina de destino as recusou ativamente
[30-Sep-2026 17:56:04 America/Sao_Paulo] Erro de conexão com banco: SQLSTATE[HY000] [2002] Nenhuma conexão pôde ser feita porque a máquina de destino as recusou ativamente
[30-Sep-2026 17:57:04 America/Sao_Paulo] Erro de conexão com banco: SQLSTATE[HY000] [2002] Nenhuma conexão pôde ser feita porque a máquina de destino as recusou ativamente
[30-Sep-2026 17:58:04 America/Sao_Paulo] Erro de conexão com banco: SQLSTATE[HY000] [2002] Nenhuma conexão pôde ser feita porque a máquina de destino as recusou ativamente
[30-Sep-2026 17:59:05 America/Sao_Paulo] Erro de conexão com banco: SQLSTATE[HY000] [2002] Nenhuma conexão pôde ser feita porque a máquina de destino as recusou ativamente
[30-Sep-2026 17:59:05 America/Sao_Paulo] Erro de conexão com banco: SQLSTATE[HY000] [2002] Nenhuma conexão pôde ser feita porque a máquina de destino as recusou ativamente
[30-Sep-2026 18:00:05 America/Sao_Paulo] Erro de conexão com banco: SQLSTATE[HY000] [2002] Nenhuma conexão pôde ser feita porque a máquina de destino as recusou ativamente
[30-Sep-2026 18:01:04 America/Sao_Paulo] Erro de conexão com banco: SQLSTATE[HY000] [2002] Nenhuma conexão pôde ser feita porque a máquina de destino as recusou ativamente
[30-Sep-2026 18:02:04 America/Sao_Paulo] Erro de conexão com banco: SQLSTATE[HY000] [2002] Nenhuma conexão pôde ser feita porque a máquina de destino as recusou ativamente
[30-Sep-2026 18:03:04 America/Sao_Paulo] Erro de conexão com banco: SQLSTATE[HY000] [2002] Nenhuma conexão pôde ser feita porque a máquina de destino as recusou ativamente
[30-Sep-2026 18:04:04 America/Sao_Paulo] Erro de conexão com banco: SQLSTATE[HY000] [2002] Nenhuma conexão pôde ser feita porque a máquina de destino as recusou ativamente
[30-Sep-2026 18:04:04 America/Sao_Paulo] Erro de conexão com banco: SQLSTATE[HY000] [2002] Nenhuma conexão pôde ser feita porque a máquina de destino as recusou ativamente
[30-Sep-2026 18:05:04 America/Sao_Paulo] Erro de conexão com banco: SQLSTATE[HY000] [2002] Nenhuma conexão pôde ser feita porque a máquina de destino as recusou ativamente
[30-Sep-2026 18:06:04 America/Sao_Paulo] Erro de conexão com banco: SQLSTATE[HY000] [2002] Nenhuma conexão pôde ser feita porque a máquina de destino as recusou ativamente
[30-Sep-2026 18:07:04 America/Sao_Paulo] Erro de conexão com banco: SQLSTATE[HY000] [2002] Nenhuma conexão pôde ser feita porque a máquina de destino as recusou ativamente
[30-Sep-2026 18:08:04 America/Sao_Paulo] Erro de conexão com banco: SQLSTATE[HY000] [2002] Nenhuma conexão pôde ser feita porque a máquina de destino as recusou ativamente
[30-Sep-2026 18:09:04 America/Sao_Paulo] Erro de conexão com banco: SQLSTATE[HY000] [2002] Nenhuma conexão pôde ser feita porque a máquina de destino as recusou ativamente
[30-Sep-2026 18:09:04 America/Sao_Paulo] Erro de conexão com banco: SQLSTATE[HY000] [2002] Nenhuma conexão pôde ser feita porque a máquina de destino as recusou ativamente
[30-Sep-2026 18:10:04 America/Sao_Paulo] Erro de conexão com banco: SQLSTATE[HY000] [2002] Nenhuma conexão pôde ser feita porque a máquina de destino as recusou ativamente
[30-Sep-2026 18:11:04 America/Sao_Paulo] Erro de conexão com banco: SQLSTATE[HY000] [2002] Nenhuma conexão pôde ser feita porque a máquina de destino as recusou ativamente
[30-Sep-2026 18:12:04 America/Sao_Paulo] Erro de conexão com banco: SQLSTATE[HY000] [2002] Nenhuma conexão pôde ser feita porque a máquina de destino as recusou ativamente
[30-Sep-2026 18:13:04 America/Sao_Paulo] Erro de conexão com banco: SQLSTATE[HY000] [2002] Nenhuma conexão pôde ser feita porque a máquina de destino as recusou ativamente
[30-Sep-2026 18:14:04 America/Sao_Paulo] Erro de conexão com banco: SQLSTATE[HY000] [2002] Nenhuma conexão pôde ser feita porque a máquina de destino as recusou ativamente
[30-Sep-2026 18:14:04 America/Sao_Paulo] Erro de conexão com banco: SQLSTATE[HY000] [2002] Nenhuma conexão pôde ser feita porque a máquina de destino as recusou ativamente
[30-Sep-2026 18:15:05 America/Sao_Paulo] Erro de conexão com banco: SQLSTATE[HY000] [2002] Nenhuma conexão pôde ser feita porque a máquina de destino as recusou ativamente
[30-Sep-2026 18:16:04 America/Sao_Paulo] Erro de conexão com banco: SQLSTATE[HY000] [2002] Nenhuma conexão pôde ser feita porque a máquina de destino as recusou ativamente
[30-Sep-2026 18:17:05 America/Sao_Paulo] Erro de conexão com banco: SQLSTATE[HY000] [2002] Nenhuma conexão pôde ser feita porque a máquina de destino as recusou ativamente
[30-Sep-2026 18:18:04 America/Sao_Paulo] Erro de conexão com banco: SQLSTATE[HY000] [2002] Nenhuma conexão pôde ser feita porque a máquina de destino as recusou ativamente
[30-Sep-2026 18:19:04 America/Sao_Paulo] Erro de conexão com banco: SQLSTATE[HY000] [2002] Nenhuma conexão pôde ser feita porque a máquina de destino as recusou ativamente
[30-Sep-2026 18:19:05 America/Sao_Paulo] Erro de conexão com banco: SQLSTATE[HY000] [2002] Nenhuma conexão pôde ser feita porque a máquina de destino as recusou ativamente
[30-Sep-2026 18:20:04 America/Sao_Paulo] Erro de conexão com banco: SQLSTATE[HY000] [2002] Nenhuma conexão pôde ser feita porque a máquina de destino as recusou ativamente
[30-Sep-2026 18:21:04 America/Sao_Paulo] Erro de conexão com banco: SQLSTATE[HY000] [2002] Nenhuma conexão pôde ser feita porque a máquina de destino as recusou ativamente
[30-Sep-2026 18:22:05 America/Sao_Paulo] Erro de conexão com banco: SQLSTATE[HY000] [2002] Nenhuma conexão pôde ser feita porque a máquina de destino as recusou ativamente
[30-Sep-2026 18:23:04 America/Sao_Paulo] Erro de conexão com banco: SQLSTATE[HY000] [2002] Nenhuma conexão pôde ser feita porque a máquina de destino as recusou ativamente
[30-Sep-2026 18:24:04 America/Sao_Paulo] Erro de conexão com banco: SQLSTATE[HY000] [2002] Nenhuma conexão pôde ser feita porque a máquina de destino as recusou ativamente
[30-Sep-2026 18:24:04 America/Sao_Paulo] Erro de conexão com banco: SQLSTATE[HY000] [2002] Nenhuma conexão pôde ser feita porque a máquina de destino as recusou ativamente
[30-Sep-2026 18:25:04 America/Sao_Paulo] Erro de conexão com banco: SQLSTATE[HY000] [2002] Nenhuma conexão pôde ser feita porque a máquina de destino as recusou ativamente
[30-Sep-2026 18:26:05 America/Sao_Paulo] Erro de conexão com banco: SQLSTATE[HY000] [2002] Nenhuma conexão pôde ser feita porque a máquina de destino as recusou ativamente
[30-Sep-2026 18:27:05 America/Sao_Paulo] Erro de conexão com banco: SQLSTATE[HY000] [2002] Nenhuma conexão pôde ser feita porque a máquina de destino as recusou ativamente
[30-Sep-2026 18:28:04 America/Sao_Paulo] Erro de conexão com banco: SQLSTATE[HY000] [2002] Nenhuma conexão pôde ser feita porque a máquina de destino as recusou ativamente
[30-Sep-2026 18:29:04 America/Sao_Paulo] Erro de conexão com banco: SQLSTATE[HY000] [2002] Nenhuma conexão pôde ser feita porque a máquina de destino as recusou ativamente
[30-Sep-2026 18:29:05 America/Sao_Paulo] Erro de conexão com banco: SQLSTATE[HY000] [2002] Nenhuma conexão pôde ser feita porque a máquina de destino as recusou ativamente
[30-Sep-2026 18:30:04 America/Sao_Paulo] Erro de conexão com banco: SQLSTATE[HY000] [2002] Nenhuma conexão pôde ser feita porque a máquina de destino as recusou ativamente
[30-Sep-2026 18:31:04 America/Sao_Paulo] Erro de conexão com banco: SQLSTATE[HY000] [2002] Nenhuma conexão pôde ser feita porque a máquina de destino as recusou ativamente
[30-Sep-2026 18:32:04 America/Sao_Paulo] Erro de conexão com banco: SQLSTATE[HY000] [2002] Nenhuma conexão pôde ser feita porque a máquina de destino as recusou ativamente
[30-Sep-2026 18:33:04 America/Sao_Paulo] Erro de conexão com banco: SQLSTATE[HY000] [2002] Nenhuma conexão pôde ser feita porque a máquina de destino as recusou ativamente
[30-Sep-2026 18:34:04 America/Sao_Paulo] Erro de conexão com banco: SQLSTATE[HY000] [2002] Nenhuma conexão pôde ser feita porque a máquina de destino as recusou ativamente
[30-Sep-2026 18:34:05 America/Sao_Paulo] Erro de conexão com banco: SQLSTATE[HY000] [2002] Nenhuma conexão pôde ser feita porque a máquina de destino as recusou ativamente
[30-Sep-2026 18:35:04 America/Sao_Paulo] Erro de conexão com banco: SQLSTATE[HY000] [2002] Nenhuma conexão pôde ser feita porque a máquina de destino as recusou ativamente
[30-Sep-2026 18:36:04 America/Sao_Paulo] Erro de conexão com banco: SQLSTATE[HY000] [2002] Nenhuma conexão pôde ser feita porque a máquina de destino as recusou ativamente
[30-Sep-2026 18:37:05 America/Sao_Paulo] Erro de conexão com banco: SQLSTATE[HY000] [2002] Nenhuma conexão pôde ser feita porque a máquina de destino as recusou ativamente
[30-Sep-2026 18:38:04 America/Sao_Paulo] Erro de conexão com banco: SQLSTATE[HY000] [2002] Nenhuma conexão pôde ser feita porque a máquina de destino as recusou ativamente
[30-Sep-2026 18:39:04 America/Sao_Paulo] Erro de conexão com banco: SQLSTATE[HY000] [2002] Nenhuma conexão pôde ser feita porque a máquina de destino as recusou ativamente
[30-Sep-2026 18:39:05 America/Sao_Paulo] Erro de conexão com banco: SQLSTATE[HY000] [2002] Nenhuma conexão pôde ser feita porque a máquina de destino as recusou ativamente
[30-Sep-2026 18:40:04 America/Sao_Paulo] Erro de conexão com banco: SQLSTATE[HY000] [2002] Nenhuma conexão pôde ser feita porque a máquina de destino as recusou ativamente
[30-Sep-2026 18:41:04 America/Sao_Paulo] Erro de conexão com banco: SQLSTATE[HY000] [2002] Nenhuma conexão pôde ser feita porque a máquina de destino as recusou ativamente
[30-Sep-2026 18:42:04 America/Sao_Paulo] Erro de conexão com banco: SQLSTATE[HY000] [2002] Nenhuma conexão pôde ser feita porque a máquina de destino as recusou ativamente
[30-Sep-2026 18:43:04 America/Sao_Paulo] Erro de conexão com banco: SQLSTATE[HY000] [2002] Nenhuma conexão pôde ser feita porque a máquina de destino as recusou ativamente
[30-Sep-2026 18:44:05 America/Sao_Paulo] Erro de conexão com banco: SQLSTATE[HY000] [2002] Nenhuma conexão pôde ser feita porque a máquina de destino as recusou ativamente
[30-Sep-2026 18:44:05 America/Sao_Paulo] Erro de conexão com banco: SQLSTATE[HY000] [2002] Nenhuma conexão pôde ser feita porque a máquina de destino as recusou ativamente
[30-Sep-2026 18:45:04 America/Sao_Paulo] Erro de conexão com banco: SQLSTATE[HY000] [2002] Nenhuma conexão pôde ser feita porque a máquina de destino as recusou ativamente
[30-Sep-2026 18:46:04 America/Sao_Paulo] Erro de conexão com banco: SQLSTATE[HY000] [2002] Nenhuma conexão pôde ser feita porque a máquina de destino as recusou ativamente
[30-Sep-2026 18:47:04 America/Sao_Paulo] Erro de conexão com banco: SQLSTATE[HY000] [2002] Nenhuma conexão pôde ser feita porque a máquina de destino as recusou ativamente
[30-Sep-2026 18:48:05 America/Sao_Paulo] Erro de conexão com banco: SQLSTATE[HY000] [2002] Nenhuma conexão pôde ser feita porque a máquina de destino as recusou ativamente
[30-Sep-2026 18:49:05 America/Sao_Paulo] Erro de conexão com banco: SQLSTATE[HY000] [2002] Nenhuma conexão pôde ser feita porque a máquina de destino as recusou ativamente
[30-Sep-2026 18:49:05 America/Sao_Paulo] Erro de conexão com banco: SQLSTATE[HY000] [2002] Nenhuma conexão pôde ser feita porque a máquina de destino as recusou ativamente
[30-Sep-2026 18:50:05 America/Sao_Paulo] Erro de conexão com banco: SQLSTATE[HY000] [2002] Nenhuma conexão pôde ser feita porque a máquina de destino as recusou ativamente
[30-Sep-2026 18:51:05 America/Sao_Paulo] Erro de conexão com banco: SQLSTATE[HY000] [2002] Nenhuma conexão pôde ser feita porque a máquina de destino as recusou ativamente
[30-Sep-2026 18:52:05 America/Sao_Paulo] Erro de conexão com banco: SQLSTATE[HY000] [2002] Nenhuma conexão pôde ser feita porque a máquina de destino as recusou ativamente
[30-Sep-2026 18:53:05 America/Sao_Paulo] Erro de conexão com banco: SQLSTATE[HY000] [2002] Nenhuma conexão pôde ser feita porque a máquina de destino as recusou ativamente
[30-Sep-2026 18:54:05 America/Sao_Paulo] Erro de conexão com banco: SQLSTATE[HY000] [2002] Nenhuma conexão pôde ser feita porque a máquina de destino as recusou ativamente
[30-Sep-2026 18:54:05 America/Sao_Paulo] Erro de conexão com banco: SQLSTATE[HY000] [2002] Nenhuma conexão pôde ser feita porque a máquina de destino as recusou ativamente
[30-Sep-2026 18:55:05 America/Sao_Paulo] Erro de conexão com banco: SQLSTATE[HY000] [2002] Nenhuma conexão pôde ser feita porque a máquina de destino as recusou ativamente
[30-Sep-2026 18:56:05 America/Sao_Paulo] Erro de conexão com banco: SQLSTATE[HY000] [2002] Nenhuma conexão pôde ser feita porque a máquina de destino as recusou ativamente
[30-Sep-2026 18:57:05 America/Sao_Paulo] Erro de conexão com banco: SQLSTATE[HY000] [2002] Nenhuma conexão pôde ser feita porque a máquina de destino as recusou ativamente
[30-Sep-2026 18:58:05 America/Sao_Paulo] Erro de conexão com banco: SQLSTATE[HY000] [2002] Nenhuma conexão pôde ser feita porque a máquina de destino as recusou ativamente
[30-Sep-2026 18:59:05 America/Sao_Paulo] Erro de conexão com banco: SQLSTATE[HY000] [2002] Nenhuma conexão pôde ser feita porque a máquina de destino as recusou ativamente
[30-Sep-2026 18:59:05 America/Sao_Paulo] Erro de conexão com banco: SQLSTATE[HY000] [2002] Nenhuma conexão pôde ser feita porque a máquina de destino as recusou ativamente
[30-Sep-2026 19:00:05 America/Sao_Paulo] Erro de conexão com banco: SQLSTATE[HY000] [2002] Nenhuma conexão pôde ser feita porque a máquina de destino as recusou ativamente
[30-Sep-2026 19:01:05 America/Sao_Paulo] Erro de conexão com banco: SQLSTATE[HY000] [2002] Nenhuma conexão pôde ser feita porque a máquina de destino as recusou ativamente
[30-Sep-2026 19:02:05 America/Sao_Paulo] Erro de conexão com banco: SQLSTATE[HY000] [2002] Nenhuma conexão pôde ser feita porque a máquina de destino as recusou ativamente
[30-Sep-2026 19:03:05 America/Sao_Paulo] Erro de conexão com banco: SQLSTATE[HY000] [2002] Nenhuma conexão pôde ser feita porque a máquina de destino as recusou ativamente
[30-Sep-2026 19:04:05 America/Sao_Paulo] Erro de conexão com banco: SQLSTATE[HY000] [2002] Nenhuma conexão pôde ser feita porque a máquina de destino as recusou ativamente
[30-Sep-2026 19:04:05 America/Sao_Paulo] Erro de conexão com banco: SQLSTATE[HY000] [2002] Nenhuma conexão pôde ser feita porque a máquina de destino as recusou ativamente
[30-Sep-2026 19:05:05 America/Sao_Paulo] Erro de conexão com banco: SQLSTATE[HY000] [2002] Nenhuma conexão pôde ser feita porque a máquina de destino as recusou ativamente
[30-Sep-2026 19:06:05 America/Sao_Paulo] Erro de conexão com banco: SQLSTATE[HY000] [2002] Nenhuma conexão pôde ser feita porque a máquina de destino as recusou ativamente
[30-Sep-2026 19:07:05 America/Sao_Paulo] Erro de conexão com banco: SQLSTATE[HY000] [2002] Nenhuma conexão pôde ser feita porque a máquina de destino as recusou ativamente
[30-Sep-2026 19:08:05 America/Sao_Paulo] Erro de conexão com banco: SQLSTATE[HY000] [2002] Nenhuma conexão pôde ser feita porque a máquina de destino as recusou ativamente
[30-Sep-2026 19:09:05 America/Sao_Paulo] Erro de conexão com banco: SQLSTATE[HY000] [2002] Nenhuma conexão pôde ser feita porque a máquina de destino as recusou ativamente
[30-Sep-2026 19:09:05 America/Sao_Paulo] Erro de conexão com banco: SQLSTATE[HY000] [2002] Nenhuma conexão pôde ser feita porque a máquina de destino as recusou ativamente
[30-Sep-2026 19:10:04 America/Sao_Paulo] Erro de conexão com banco: SQLSTATE[HY000] [2002] Nenhuma conexão pôde ser feita porque a máquina de destino as recusou ativamente
[30-Sep-2026 19:11:04 America/Sao_Paulo] Erro de conexão com banco: SQLSTATE[HY000] [2002] Nenhuma conexão pôde ser feita porque a máquina de destino as recusou ativamente
[30-Sep-2026 19:12:04 America/Sao_Paulo] Erro de conexão com banco: SQLSTATE[HY000] [2002] Nenhuma conexão pôde ser feita porque a máquina de destino as recusou ativamente
[30-Sep-2026 19:13:04 America/Sao_Paulo] Erro de conexão com banco: SQLSTATE[HY000] [2002] Nenhuma conexão pôde ser feita porque a máquina de destino as recusou ativamente
[30-Sep-2026 19:14:04 America/Sao_Paulo] Erro de conexão com banco: SQLSTATE[HY000] [2002] Nenhuma conexão pôde ser feita porque a máquina de destino as recusou ativamente
[30-Sep-2026 19:14:05 America/Sao_Paulo] Erro de conexão com banco: SQLSTATE[HY000] [2002] Nenhuma conexão pôde ser feita porque a máquina de destino as recusou ativamente
[30-Sep-2026 19:15:04 America/Sao_Paulo] Erro de conexão com banco: SQLSTATE[HY000] [2002] Nenhuma conexão pôde ser feita porque a máquina de destino as recusou ativamente
[30-Sep-2026 19:16:04 America/Sao_Paulo] Erro de conexão com banco: SQLSTATE[HY000] [2002] Nenhuma conexão pôde ser feita porque a máquina de destino as recusou ativamente
[30-Sep-2026 19:17:04 America/Sao_Paulo] Erro de conexão com banco: SQLSTATE[HY000] [2002] Nenhuma conexão pôde ser feita porque a máquina de destino as recusou ativamente
[30-Sep-2026 19:18:04 America/Sao_Paulo] Erro de conexão com banco: SQLSTATE[HY000] [2002] Nenhuma conexão pôde ser feita porque a máquina de destino as recusou ativamente
[30-Sep-2026 19:19:04 America/Sao_Paulo] Erro de conexão com banco: SQLSTATE[HY000] [2002] Nenhuma conexão pôde ser feita porque a máquina de destino as recusou ativamente
[30-Sep-2026 19:19:05 America/Sao_Paulo] Erro de conexão com banco: SQLSTATE[HY000] [2002] Nenhuma conexão pôde ser feita porque a máquina de destino as recusou ativamente
[30-Sep-2026 19:20:04 America/Sao_Paulo] Erro de conexão com banco: SQLSTATE[HY000] [2002] Nenhuma conexão pôde ser feita porque a máquina de destino as recusou ativamente
[30-Sep-2026 19:21:04 America/Sao_Paulo] Erro de conexão com banco: SQLSTATE[HY000] [2002] Nenhuma conexão pôde ser feita porque a máquina de destino as recusou ativamente
[30-Sep-2026 19:22:04 America/Sao_Paulo] Erro de conexão com banco: SQLSTATE[HY000] [2002] Nenhuma conexão pôde ser feita porque a máquina de destino as recusou ativamente
[30-Sep-2026 19:23:04 America/Sao_Paulo] Erro de conexão com banco: SQLSTATE[HY000] [2002] Nenhuma conexão pôde ser feita porque a máquina de destino as recusou ativamente
[30-Sep-2026 19:24:04 America/Sao_Paulo] Erro de conexão com banco: SQLSTATE[HY000] [2002] Nenhuma conexão pôde ser feita porque a máquina de destino as recusou ativamente
[30-Sep-2026 19:24:05 America/Sao_Paulo] Erro de conexão com banco: SQLSTATE[HY000] [2002] Nenhuma conexão pôde ser feita porque a máquina de destino as recusou ativamente
[30-Sep-2026 19:25:04 America/Sao_Paulo] Erro de conexão com banco: SQLSTATE[HY000] [2002] Nenhuma conexão pôde ser feita porque a máquina de destino as recusou ativamente
[30-Sep-2026 19:26:04 America/Sao_Paulo] Erro de conexão com banco: SQLSTATE[HY000] [2002] Nenhuma conexão pôde ser feita porque a máquina de destino as recusou ativamente
[30-Sep-2026 19:27:04 America/Sao_Paulo] Erro de conexão com banco: SQLSTATE[HY000] [2002] Nenhuma conexão pôde ser feita porque a máquina de destino as recusou ativamente
[30-Sep-2026 19:28:04 America/Sao_Paulo] Erro de conexão com banco: SQLSTATE[HY000] [2002] Nenhuma conexão pôde ser feita porque a máquina de destino as recusou ativamente
[30-Sep-2026 19:29:04 America/Sao_Paulo] Erro de conexão com banco: SQLSTATE[HY000] [2002] Nenhuma conexão pôde ser feita porque a máquina de destino as recusou ativamente
[30-Sep-2026 19:29:05 America/Sao_Paulo] Erro de conexão com banco: SQLSTATE[HY000] [2002] Nenhuma conexão pôde ser feita porque a máquina de destino as recusou ativamente
[30-Sep-2026 19:30:04 America/Sao_Paulo] Erro de conexão com banco: SQLSTATE[HY000] [2002] Nenhuma conexão pôde ser feita porque a máquina de destino as recusou ativamente
[30-Sep-2026 19:31:04 America/Sao_Paulo] Erro de conexão com banco: SQLSTATE[HY000] [2002] Nenhuma conexão pôde ser feita porque a máquina de destino as recusou ativamente
[30-Sep-2026 19:32:04 America/Sao_Paulo] Erro de conexão com banco: SQLSTATE[HY000] [2002] Nenhuma conexão pôde ser feita porque a máquina de destino as recusou ativamente
[30-Sep-2026 19:33:04 America/Sao_Paulo] Erro de conexão com banco: SQLSTATE[HY000] [2002] Nenhuma conexão pôde ser feita porque a máquina de destino as recusou ativamente
[30-Sep-2026 19:34:04 America/Sao_Paulo] Erro de conexão com banco: SQLSTATE[HY000] [2002] Nenhuma conexão pôde ser feita porque a máquina de destino as recusou ativamente
[30-Sep-2026 19:34:05 America/Sao_Paulo] Erro de conexão com banco: SQLSTATE[HY000] [2002] Nenhuma conexão pôde ser feita porque a máquina de destino as recusou ativamente
[30-Sep-2026 19:35:04 America/Sao_Paulo] Erro de conexão com banco: SQLSTATE[HY000] [2002] Nenhuma conexão pôde ser feita porque a máquina de destino as recusou ativamente
[30-Sep-2026 19:36:04 America/Sao_Paulo] Erro de conexão com banco: SQLSTATE[HY000] [2002] Nenhuma conexão pôde ser feita porque a máquina de destino as recusou ativamente
[30-Sep-2026 19:37:04 America/Sao_Paulo] Erro de conexão com banco: SQLSTATE[HY000] [2002] Nenhuma conexão pôde ser feita porque a máquina de destino as recusou ativamente
[30-Sep-2026 19:38:04 America/Sao_Paulo] Erro de conexão com banco: SQLSTATE[HY000] [2002] Nenhuma conexão pôde ser feita porque a máquina de destino as recusou ativamente
[30-Sep-2026 19:39:04 America/Sao_Paulo] Erro de conexão com banco: SQLSTATE[HY000] [2002] Nenhuma conexão pôde ser feita porque a máquina de destino as recusou ativamente
[30-Sep-2026 19:39:05 America/Sao_Paulo] Erro de conexão com banco: SQLSTATE[HY000] [2002] Nenhuma conexão pôde ser feita porque a máquina de destino as recusou ativamente
[30-Sep-2026 19:40:04 America/Sao_Paulo] Erro de conexão com banco: SQLSTATE[HY000] [2002] Nenhuma conexão pôde ser feita porque a máquina de destino as recusou ativamente
[30-Sep-2026 19:41:04 America/Sao_Paulo] Erro de conexão com banco: SQLSTATE[HY000] [2002] Nenhuma conexão pôde ser feita porque a máquina de destino as recusou ativamente
[30-Sep-2026 19:42:05 America/Sao_Paulo] Erro de conexão com banco: SQLSTATE[HY000] [2002] Nenhuma conexão pôde ser feita porque a máquina de destino as recusou ativamente
[30-Sep-2026 19:43:04 America/Sao_Paulo] Erro de conexão com banco: SQLSTATE[HY000] [2002] Nenhuma conexão pôde ser feita porque a máquina de destino as recusou ativamente
[30-Sep-2026 19:44:04 America/Sao_Paulo] Erro de conexão com banco: SQLSTATE[HY000] [2002] Nenhuma conexão pôde ser feita porque a máquina de destino as recusou ativamente
[30-Sep-2026 19:44:05 America/Sao_Paulo] Erro de conexão com banco: SQLSTATE[HY000] [2002] Nenhuma conexão pôde ser feita porque a máquina de destino as recusou ativamente
[30-Sep-2026 19:45:04 America/Sao_Paulo] Erro de conexão com banco: SQLSTATE[HY000] [2002] Nenhuma conexão pôde ser feita porque a máquina de destino as recusou ativamente
[30-Sep-2026 19:46:05 America/Sao_Paulo] Erro de conexão com banco: SQLSTATE[HY000] [2002] Nenhuma conexão pôde ser feita porque a máquina de destino as recusou ativamente
[30-Sep-2026 19:47:04 America/Sao_Paulo] Erro de conexão com banco: SQLSTATE[HY000] [2002] Nenhuma conexão pôde ser feita porque a máquina de destino as recusou ativamente
[30-Sep-2026 19:48:04 America/Sao_Paulo] Erro de conexão com banco: SQLSTATE[HY000] [2002] Nenhuma conexão pôde ser feita porque a máquina de destino as recusou ativamente
[30-Sep-2026 19:49:04 America/Sao_Paulo] Erro de conexão com banco: SQLSTATE[HY000] [2002] Nenhuma conexão pôde ser feita porque a máquina de destino as recusou ativamente
[30-Sep-2026 19:49:05 America/Sao_Paulo] Erro de conexão com banco: SQLSTATE[HY000] [2002] Nenhuma conexão pôde ser feita porque a máquina de destino as recusou ativamente
[30-Sep-2026 19:50:04 America/Sao_Paulo] Erro de conexão com banco: SQLSTATE[HY000] [2002] Nenhuma conexão pôde ser feita porque a máquina de destino as recusou ativamente
[30-Sep-2026 19:51:05 America/Sao_Paulo] Erro de conexão com banco: SQLSTATE[HY000] [2002] Nenhuma conexão pôde ser feita porque a máquina de destino as recusou ativamente
[30-Sep-2026 19:52:04 America/Sao_Paulo] Erro de conexão com banco: SQLSTATE[HY000] [2002] Nenhuma conexão pôde ser feita porque a máquina de destino as recusou ativamente
[30-Sep-2026 19:53:04 America/Sao_Paulo] Erro de conexão com banco: SQLSTATE[HY000] [2002] Nenhuma conexão pôde ser feita porque a máquina de destino as recusou ativamente
[30-Sep-2026 19:54:04 America/Sao_Paulo] Erro de conexão com banco: SQLSTATE[HY000] [2002] Nenhuma conexão pôde ser feita porque a máquina de destino as recusou ativamente
[30-Sep-2026 19:54:05 America/Sao_Paulo] Erro de conexão com banco: SQLSTATE[HY000] [2002] Nenhuma conexão pôde ser feita porque a máquina de destino as recusou ativamente
[30-Sep-2026 19:55:04 America/Sao_Paulo] Erro de conexão com banco: SQLSTATE[HY000] [2002] Nenhuma conexão pôde ser feita porque a máquina de destino as recusou ativamente
[30-Sep-2026 19:56:04 America/Sao_Paulo] Erro de conexão com banco: SQLSTATE[HY000] [2002] Nenhuma conexão pôde ser feita porque a máquina de destino as recusou ativamente
[30-Sep-2026 19:57:04 America/Sao_Paulo] Erro de conexão com banco: SQLSTATE[HY000] [2002] Nenhuma conexão pôde ser feita porque a máquina de destino as recusou ativamente
[30-Sep-2026 19:58:04 America/Sao_Paulo] Erro de conexão com banco: SQLSTATE[HY000] [2002] Nenhuma conexão pôde ser feita porque a máquina de destino as recusou ativamente
[30-Sep-2026 19:59:05 America/Sao_Paulo] Erro de conexão com banco: SQLSTATE[HY000] [2002] Nenhuma conexão pôde ser feita porque a máquina de destino as recusou ativamente
[30-Sep-2026 19:59:05 America/Sao_Paulo] Erro de conexão com banco: SQLSTATE[HY000] [2002] Nenhuma conexão pôde ser feita porque a máquina de destino as recusou ativamente
[30-Sep-2026 20:00:06 America/Sao_Paulo] Erro de conexão com banco: SQLSTATE[HY000] [2002] Nenhuma conexão pôde ser feita porque a máquina de destino as recusou ativamente
[30-Sep-2026 20:01:04 America/Sao_Paulo] Erro de conexão com banco: SQLSTATE[HY000] [2002] Nenhuma conexão pôde ser feita porque a máquina de destino as recusou ativamente
[30-Sep-2026 20:02:04 America/Sao_Paulo] Erro de conexão com banco: SQLSTATE[HY000] [2002] Nenhuma conexão pôde ser feita porque a máquina de destino as recusou ativamente
[30-Sep-2026 20:03:04 America/Sao_Paulo] Erro de conexão com banco: SQLSTATE[HY000] [2002] Nenhuma conexão pôde ser feita porque a máquina de destino as recusou ativamente
[30-Sep-2026 20:04:04 America/Sao_Paulo] Erro de conexão com banco: SQLSTATE[HY000] [2002] Nenhuma conexão pôde ser feita porque a máquina de destino as recusou ativamente
[30-Sep-2026 20:04:05 America/Sao_Paulo] Erro de conexão com banco: SQLSTATE[HY000] [2002] Nenhuma conexão pôde ser feita porque a máquina de destino as recusou ativamente
[30-Sep-2026 20:05:05 America/Sao_Paulo] Erro de conexão com banco: SQLSTATE[HY000] [2002] Nenhuma conexão pôde ser feita porque a máquina de destino as recusou ativamente
[30-Sep-2026 20:06:04 America/Sao_Paulo] Erro de conexão com banco: SQLSTATE[HY000] [2002] Nenhuma conexão pôde ser feita porque a máquina de destino as recusou ativamente
[30-Sep-2026 20:07:05 America/Sao_Paulo] Erro de conexão com banco: SQLSTATE[HY000] [2002] Nenhuma conexão pôde ser feita porque a máquina de destino as recusou ativamente
[30-Sep-2026 20:08:04 America/Sao_Paulo] Erro de conexão com banco: SQLSTATE[HY000] [2002] Nenhuma conexão pôde ser feita porque a máquina de destino as recusou ativamente
[30-Sep-2026 20:09:04 America/Sao_Paulo] Erro de conexão com banco: SQLSTATE[HY000] [2002] Nenhuma conexão pôde ser feita porque a máquina de destino as recusou ativamente
[30-Sep-2026 20:09:05 America/Sao_Paulo] Erro de conexão com banco: SQLSTATE[HY000] [2002] Nenhuma conexão pôde ser feita porque a máquina de destino as recusou ativamente
[30-Sep-2026 20:10:05 America/Sao_Paulo] Erro de conexão com banco: SQLSTATE[HY000] [2002] Nenhuma conexão pôde ser feita porque a máquina de destino as recusou ativamente
[30-Sep-2026 20:11:05 America/Sao_Paulo] Erro de conexão com banco: SQLSTATE[HY000] [2002] Nenhuma conexão pôde ser feita porque a máquina de destino as recusou ativamente
[30-Sep-2026 20:12:05 America/Sao_Paulo] Erro de conexão com banco: SQLSTATE[HY000] [2002] Nenhuma conexão pôde ser feita porque a máquina de destino as recusou ativamente
[30-Sep-2026 20:13:05 America/Sao_Paulo] Erro de conexão com banco: SQLSTATE[HY000] [2002] Nenhuma conexão pôde ser feita porque a máquina de destino as recusou ativamente
[30-Sep-2026 20:14:05 America/Sao_Paulo] Erro de conexão com banco: SQLSTATE[HY000] [2002] Nenhuma conexão pôde ser feita porque a máquina de destino as recusou ativamente
[30-Sep-2026 20:14:05 America/Sao_Paulo] Erro de conexão com banco: SQLSTATE[HY000] [2002] Nenhuma conexão pôde ser feita porque a máquina de destino as recusou ativamente
[30-Sep-2026 20:15:05 America/Sao_Paulo] Erro de conexão com banco: SQLSTATE[HY000] [2002] Nenhuma conexão pôde ser feita porque a máquina de destino as recusou ativamente
[30-Sep-2026 20:16:05 America/Sao_Paulo] Erro de conexão com banco: SQLSTATE[HY000] [2002] Nenhuma conexão pôde ser feita porque a máquina de destino as recusou ativamente
[30-Sep-2026 20:17:05 America/Sao_Paulo] Erro de conexão com banco: SQLSTATE[HY000] [2002] Nenhuma conexão pôde ser feita porque a máquina de destino as recusou ativamente
[30-Sep-2026 20:18:05 America/Sao_Paulo] Erro de conexão com banco: SQLSTATE[HY000] [2002] Nenhuma conexão pôde ser feita porque a máquina de destino as recusou ativamente
[30-Sep-2026 20:19:05 America/Sao_Paulo] Erro de conexão com banco: SQLSTATE[HY000] [2002] Nenhuma conexão pôde ser feita porque a máquina de destino as recusou ativamente
[30-Sep-2026 20:19:05 America/Sao_Paulo] Erro de conexão com banco: SQLSTATE[HY000] [2002] Nenhuma conexão pôde ser feita porque a máquina de destino as recusou ativamente
[30-Sep-2026 20:20:05 America/Sao_Paulo] Erro de conexão com banco: SQLSTATE[HY000] [2002] Nenhuma conexão pôde ser feita porque a máquina de destino as recusou ativamente
[30-Sep-2026 20:21:05 America/Sao_Paulo] Erro de conexão com banco: SQLSTATE[HY000] [2002] Nenhuma conexão pôde ser feita porque a máquina de destino as recusou ativamente
[30-Sep-2026 20:22:05 America/Sao_Paulo] Erro de conexão com banco: SQLSTATE[HY000] [2002] Nenhuma conexão pôde ser feita porque a máquina de destino as recusou ativamente
[30-Sep-2026 20:23:05 America/Sao_Paulo] Erro de conexão com banco: SQLSTATE[HY000] [2002] Nenhuma conexão pôde ser feita porque a máquina de destino as recusou ativamente
[30-Sep-2026 20:24:04 America/Sao_Paulo] Erro de conexão com banco: SQLSTATE[HY000] [2002] Nenhuma conexão pôde ser feita porque a máquina de destino as recusou ativamente
[30-Sep-2026 20:24:05 America/Sao_Paulo] Erro de conexão com banco: SQLSTATE[HY000] [2002] Nenhuma conexão pôde ser feita porque a máquina de destino as recusou ativamente
[30-Sep-2026 20:25:05 America/Sao_Paulo] Erro de conexão com banco: SQLSTATE[HY000] [2002] Nenhuma conexão pôde ser feita porque a máquina de destino as recusou ativamente
[30-Sep-2026 20:26:05 America/Sao_Paulo] Erro de conexão com banco: SQLSTATE[HY000] [2002] Nenhuma conexão pôde ser feita porque a máquina de destino as recusou ativamente
[30-Sep-2026 20:27:05 America/Sao_Paulo] Erro de conexão com banco: SQLSTATE[HY000] [2002] Nenhuma conexão pôde ser feita porque a máquina de destino as recusou ativamente
[30-Sep-2026 20:28:05 America/Sao_Paulo] Erro de conexão com banco: SQLSTATE[HY000] [2002] Nenhuma conexão pôde ser feita porque a máquina de destino as recusou ativamente
[30-Sep-2026 20:29:04 America/Sao_Paulo] Erro de conexão com banco: SQLSTATE[HY000] [2002] Nenhuma conexão pôde ser feita porque a máquina de destino as recusou ativamente
[30-Sep-2026 20:29:05 America/Sao_Paulo] Erro de conexão com banco: SQLSTATE[HY000] [2002] Nenhuma conexão pôde ser feita porque a máquina de destino as recusou ativamente
[30-Sep-2026 20:30:05 America/Sao_Paulo] Erro de conexão com banco: SQLSTATE[HY000] [2002] Nenhuma conexão pôde ser feita porque a máquina de destino as recusou ativamente
[30-Sep-2026 20:31:05 America/Sao_Paulo] Erro de conexão com banco: SQLSTATE[HY000] [2002] Nenhuma conexão pôde ser feita porque a máquina de destino as recusou ativamente
[30-Sep-2026 20:32:05 America/Sao_Paulo] Erro de conexão com banco: SQLSTATE[HY000] [2002] Nenhuma conexão pôde ser feita porque a máquina de destino as recusou ativamente
[30-Sep-2026 20:33:05 America/Sao_Paulo] Erro de conexão com banco: SQLSTATE[HY000] [2002] Nenhuma conexão pôde ser feita porque a máquina de destino as recusou ativamente
[30-Sep-2026 20:34:04 America/Sao_Paulo] Erro de conexão com banco: SQLSTATE[HY000] [2002] Nenhuma conexão pôde ser feita porque a máquina de destino as recusou ativamente
[30-Sep-2026 20:34:05 America/Sao_Paulo] Erro de conexão com banco: SQLSTATE[HY000] [2002] Nenhuma conexão pôde ser feita porque a máquina de destino as recusou ativamente
[30-Sep-2026 20:35:05 America/Sao_Paulo] Erro de conexão com banco: SQLSTATE[HY000] [2002] Nenhuma conexão pôde ser feita porque a máquina de destino as recusou ativamente
[30-Sep-2026 20:36:05 America/Sao_Paulo] Erro de conexão com banco: SQLSTATE[HY000] [2002] Nenhuma conexão pôde ser feita porque a máquina de destino as recusou ativamente
[30-Sep-2026 20:37:05 America/Sao_Paulo] Erro de conexão com banco: SQLSTATE[HY000] [2002] Nenhuma conexão pôde ser feita porque a máquina de destino as recusou ativamente
[30-Sep-2026 20:38:05 America/Sao_Paulo] Erro de conexão com banco: SQLSTATE[HY000] [2002] Nenhuma conexão pôde ser feita porque a máquina de destino as recusou ativamente
[30-Sep-2026 20:39:04 America/Sao_Paulo] Erro de conexão com banco: SQLSTATE[HY000] [2002] Nenhuma conexão pôde ser feita porque a máquina de destino as recusou ativamente
[30-Sep-2026 20:39:05 America/Sao_Paulo] Erro de conexão com banco: SQLSTATE[HY000] [2002] Nenhuma conexão pôde ser feita porque a máquina de destino as recusou ativamente
[30-Sep-2026 20:40:05 America/Sao_Paulo] Erro de conexão com banco: SQLSTATE[HY000] [2002] Nenhuma conexão pôde ser feita porque a máquina de destino as recusou ativamente
[30-Sep-2026 20:41:05 America/Sao_Paulo] Erro de conexão com banco: SQLSTATE[HY000] [2002] Nenhuma conexão pôde ser feita porque a máquina de destino as recusou ativamente
[30-Sep-2026 20:42:05 America/Sao_Paulo] Erro de conexão com banco: SQLSTATE[HY000] [2002] Nenhuma conexão pôde ser feita porque a máquina de destino as recusou ativamente
[30-Sep-2026 20:43:05 America/Sao_Paulo] Erro de conexão com banco: SQLSTATE[HY000] [2002] Nenhuma conexão pôde ser feita porque a máquina de destino as recusou ativamente
[30-Sep-2026 20:44:04 America/Sao_Paulo] Erro de conexão com banco: SQLSTATE[HY000] [2002] Nenhuma conexão pôde ser feita porque a máquina de destino as recusou ativamente
[30-Sep-2026 20:44:05 America/Sao_Paulo] Erro de conexão com banco: SQLSTATE[HY000] [2002] Nenhuma conexão pôde ser feita porque a máquina de destino as recusou ativamente
[30-Sep-2026 20:45:05 America/Sao_Paulo] Erro de conexão com banco: SQLSTATE[HY000] [2002] Nenhuma conexão pôde ser feita porque a máquina de destino as recusou ativamente
[30-Sep-2026 20:46:04 America/Sao_Paulo] Erro de conexão com banco: SQLSTATE[HY000] [2002] Nenhuma conexão pôde ser feita porque a máquina de destino as recusou ativamente
[30-Sep-2026 20:47:04 America/Sao_Paulo] Erro de conexão com banco: SQLSTATE[HY000] [2002] Nenhuma conexão pôde ser feita porque a máquina de destino as recusou ativamente
[30-Sep-2026 20:48:04 America/Sao_Paulo] Erro de conexão com banco: SQLSTATE[HY000] [2002] Nenhuma conexão pôde ser feita porque a máquina de destino as recusou ativamente
[30-Sep-2026 20:49:04 America/Sao_Paulo] Erro de conexão com banco: SQLSTATE[HY000] [2002] Nenhuma conexão pôde ser feita porque a máquina de destino as recusou ativamente
[30-Sep-2026 20:49:04 America/Sao_Paulo] Erro de conexão com banco: SQLSTATE[HY000] [2002] Nenhuma conexão pôde ser feita porque a máquina de destino as recusou ativamente
[30-Sep-2026 20:50:04 America/Sao_Paulo] Erro de conexão com banco: SQLSTATE[HY000] [2002] Nenhuma conexão pôde ser feita porque a máquina de destino as recusou ativamente
[30-Sep-2026 20:51:04 America/Sao_Paulo] Erro de conexão com banco: SQLSTATE[HY000] [2002] Nenhuma conexão pôde ser feita porque a máquina de destino as recusou ativamente
[30-Sep-2026 20:52:04 America/Sao_Paulo] Erro de conexão com banco: SQLSTATE[HY000] [2002] Nenhuma conexão pôde ser feita porque a máquina de destino as recusou ativamente
[30-Sep-2026 20:53:04 America/Sao_Paulo] Erro de conexão com banco: SQLSTATE[HY000] [2002] Nenhuma conexão pôde ser feita porque a máquina de destino as recusou ativamente
[30-Sep-2026 20:54:04 America/Sao_Paulo] Erro de conexão com banco: SQLSTATE[HY000] [2002] Nenhuma conexão pôde ser feita porque a máquina de destino as recusou ativamente
[30-Sep-2026 20:54:04 America/Sao_Paulo] Erro de conexão com banco: SQLSTATE[HY000] [2002] Nenhuma conexão pôde ser feita porque a máquina de destino as recusou ativamente
[30-Sep-2026 20:55:04 America/Sao_Paulo] Erro de conexão com banco: SQLSTATE[HY000] [2002] Nenhuma conexão pôde ser feita porque a máquina de destino as recusou ativamente
[30-Sep-2026 20:56:04 America/Sao_Paulo] Erro de conexão com banco: SQLSTATE[HY000] [2002] Nenhuma conexão pôde ser feita porque a máquina de destino as recusou ativamente
[30-Sep-2026 20:57:04 America/Sao_Paulo] Erro de conexão com banco: SQLSTATE[HY000] [2002] Nenhuma conexão pôde ser feita porque a máquina de destino as recusou ativamente
[30-Sep-2026 20:58:04 America/Sao_Paulo] Erro de conexão com banco: SQLSTATE[HY000] [2002] Nenhuma conexão pôde ser feita porque a máquina de destino as recusou ativamente
[30-Sep-2026 20:59:04 America/Sao_Paulo] Erro de conexão com banco: SQLSTATE[HY000] [2002] Nenhuma conexão pôde ser feita porque a máquina de destino as recusou ativamente
[30-Sep-2026 20:59:04 America/Sao_Paulo] Erro de conexão com banco: SQLSTATE[HY000] [2002] Nenhuma conexão pôde ser feita porque a máquina de destino as recusou ativamente
[30-Sep-2026 21:00:04 America/Sao_Paulo] Erro de conexão com banco: SQLSTATE[HY000] [2002] Nenhuma conexão pôde ser feita porque a máquina de destino as recusou ativamente
[30-Sep-2026 21:01:04 America/Sao_Paulo] Erro de conexão com banco: SQLSTATE[HY000] [2002] Nenhuma conexão pôde ser feita porque a máquina de destino as recusou ativamente
[30-Sep-2026 21:02:04 America/Sao_Paulo] Erro de conexão com banco: SQLSTATE[HY000] [2002] Nenhuma conexão pôde ser feita porque a máquina de destino as recusou ativamente
[30-Sep-2026 21:03:04 America/Sao_Paulo] Erro de conexão com banco: SQLSTATE[HY000] [2002] Nenhuma conexão pôde ser feita porque a máquina de destino as recusou ativamente
[30-Sep-2026 21:04:04 America/Sao_Paulo] Erro de conexão com banco: SQLSTATE[HY000] [2002] Nenhuma conexão pôde ser feita porque a máquina de destino as recusou ativamente
[30-Sep-2026 21:04:04 America/Sao_Paulo] Erro de conexão com banco: SQLSTATE[HY000] [2002] Nenhuma conexão pôde ser feita porque a máquina de destino as recusou ativamente
[30-Sep-2026 21:05:04 America/Sao_Paulo] Erro de conexão com banco: SQLSTATE[HY000] [2002] Nenhuma conexão pôde ser feita porque a máquina de destino as recusou ativamente
[30-Sep-2026 21:06:04 America/Sao_Paulo] Erro de conexão com banco: SQLSTATE[HY000] [2002] Nenhuma conexão pôde ser feita porque a máquina de destino as recusou ativamente
[30-Sep-2026 21:07:04 America/Sao_Paulo] Erro de conexão com banco: SQLSTATE[HY000] [2002] Nenhuma conexão pôde ser feita porque a máquina de destino as recusou ativamente
[30-Sep-2026 21:16:41 America/Sao_Paulo] PHP Fatal error:  Cannot redeclare opsNavActive() (previously declared in C:\xampp\htdocs\guinchafacil\src\Views\components\admin_nav_operacional.php:4) in C:\xampp\htdocs\guinchafacil\src\Views\components\admin_nav_operacional.php on line 4
[01-Oct-2026 01:00:01 America/Sao_Paulo] [cron_tokens] Tokens de reset removidos: 0
[01-Oct-2026 18:45:20 America/Sao_Paulo] [CheckoutController][salvarVeiculo] SQLSTATE[23000]: Integrity constraint violation: 1048 Column 'lat_destino' cannot be null
[01-Oct-2026 18:45:29 America/Sao_Paulo] [CheckoutController][salvarVeiculo] SQLSTATE[23000]: Integrity constraint violation: 1048 Column 'lat_destino' cannot be null
[01-Oct-2026 21:00:20 America/Sao_Paulo] PHP Fatal error:  Uncaught PDOException: SQLSTATE[42S02]: Base table or view not found: 1146 Table 'guinchafacil_dev.marcas_modelos' doesn't exist in C:\Users\sores\AppData\Local\Temp\_describe_pedidos.php:12
Stack trace:
#0 C:\Users\sores\AppData\Local\Temp\_describe_pedidos.php(12): PDO->query('DESCRIBE marcas...')
#1 {main}
  thrown in C:\Users\sores\AppData\Local\Temp\_describe_pedidos.php on line 12
[01-Oct-2026 21:10:15 America/Sao_Paulo] [CheckoutController][salvarVeiculo] SQLSTATE[23000]: Integrity constraint violation: 1048 Column 'lat_destino' cannot be null
[01-Oct-2026 21:12:48 America/Sao_Paulo] [CheckoutController][salvarVeiculo] SQLSTATE[23000]: Integrity constraint violation: 1048 Column 'lat_destino' cannot be null
[01-Oct-2026 21:13:01 America/Sao_Paulo] [CheckoutController][salvarVeiculo] SQLSTATE[23000]: Integrity constraint violation: 1048 Column 'lat_destino' cannot be null
[02-Oct-2026 01:00:01 America/Sao_Paulo] [cron_tokens] Tokens de reset removidos: 0
[02-Oct-2026 18:43:38 America/Sao_Paulo] [Pagamento][reiniciarTentativa][reused] Linha de pagamento reaproveitada para nova tentativa. | ctx={"pedido_id":154,"pagamento_id":45,"metodo":"mercadopago"}
[02-Oct-2026 18:43:38 America/Sao_Paulo] [MercadoPagoProvider][criarPagamento] Recusado HTTP 400: notificaction_url attribute must be url valid | cause=[{"code":4020,"description":"notificaction_url attribute must be url valid","data":"02-10-2026T21:43:39UTC;be9ec90b-7278-47e5-87c6-aa8bc50fdb0d"}]
[02-Oct-2026 18:43:38 America/Sao_Paulo] [PagamentoController][B9AE828BC5] Falha em MercadoPago no pedido 154: notificaction_url attribute must be url valid | ctx={"status":"recusado","detalhe":{"status_detail":null,"cause":[{"code":4020,"description":"notificaction_url attribute must be url valid","data":"02-10-2026T21:43:39UTC;be9ec90b-7278-47e5-87c6-aa8bc50fdb0d"}]}}
[02-Oct-2026 18:45:48 America/Sao_Paulo] [Pagamento][reiniciarTentativa][reused] Linha de pagamento reaproveitada para nova tentativa. | ctx={"pedido_id":154,"pagamento_id":45,"metodo":"mercadopago"}
[02-Oct-2026 18:45:48 America/Sao_Paulo] [MercadoPagoProvider][criarPagamento] Recusado HTTP 400: notificaction_url attribute must be url valid | cause=[{"code":4020,"description":"notificaction_url attribute must be url valid","data":"02-10-2026T21:45:49UTC;c036af64-6d13-49a2-9004-ba533e089c5b"}]
[02-Oct-2026 18:45:48 America/Sao_Paulo] [PagamentoController][6E1F8B7E13] Falha em MercadoPago no pedido 154: notificaction_url attribute must be url valid | ctx={"status":"recusado","detalhe":{"status_detail":null,"cause":[{"code":4020,"description":"notificaction_url attribute must be url valid","data":"02-10-2026T21:45:49UTC;c036af64-6d13-49a2-9004-ba533e089c5b"}]}}
[02-Oct-2026 18:57:30 America/Sao_Paulo] [Pagamento][reiniciarTentativa][reused] Linha de pagamento reaproveitada para nova tentativa. | ctx={"pedido_id":154,"pagamento_id":45,"metodo":"mercadopago"}
[02-Oct-2026 18:57:31 America/Sao_Paulo] [MercadoPagoProvider][criarPagamento] Recusado HTTP 400: notificaction_url attribute must be url valid | cause=[{"code":4020,"description":"notificaction_url attribute must be url valid","data":"02-10-2026T21:57:32UTC;b781956c-0e0b-4f6e-b37e-38036751e3b1"}]
[02-Oct-2026 18:57:31 America/Sao_Paulo] [PagamentoController][C9076F944F] Falha em MercadoPago no pedido 154: notificaction_url attribute must be url valid | ctx={"status":"recusado","detalhe":{"status_detail":null,"cause":[{"code":4020,"description":"notificaction_url attribute must be url valid","data":"02-10-2026T21:57:32UTC;b781956c-0e0b-4f6e-b37e-38036751e3b1"}]}}
[02-Oct-2026 19:00:31 America/Sao_Paulo] [Pagamento][reiniciarTentativa][reused] Linha de pagamento reaproveitada para nova tentativa. | ctx={"pedido_id":154,"pagamento_id":45,"metodo":"mercadopago"}
[02-Oct-2026 19:00:32 America/Sao_Paulo] [MercadoPagoProvider][criarPagamento] Recusado HTTP 400: notificaction_url attribute must be url valid | cause=[{"code":4020,"description":"notificaction_url attribute must be url valid","data":"02-10-2026T22:00:32UTC;da133eb5-b98e-4045-b27b-8daae7608005"}]
[02-Oct-2026 19:00:32 America/Sao_Paulo] [PagamentoController][4518EC7F2C] Falha em MercadoPago no pedido 154: notificaction_url attribute must be url valid | ctx={"status":"recusado","detalhe":{"status_detail":null,"cause":[{"code":4020,"description":"notificaction_url attribute must be url valid","data":"02-10-2026T22:00:32UTC;da133eb5-b98e-4045-b27b-8daae7608005"}]}}
[02-Oct-2026 22:54:32 America/Sao_Paulo] [AdminController::pedidoCriar] Cliente e veiculo sao obrigatorios.
[02-Oct-2026 22:56:57 America/Sao_Paulo] PHP Fatal error:  Uncaught PDOException: SQLSTATE[42S22]: Column not found: 1054 Unknown column 'provedor' in 'field list' in C:\Users\sores\AppData\Local\Temp\_check_pagto.php:9
Stack trace:
#0 C:\Users\sores\AppData\Local\Temp\_check_pagto.php(9): PDO->query('SELECT id, pedi...')
#1 {main}
  thrown in C:\Users\sores\AppData\Local\Temp\_check_pagto.php on line 9
[02-Oct-2026 22:58:57 America/Sao_Paulo] [AdminController::pedidoCriar] Cliente e veiculo sao obrigatorios.
[02-Oct-2026 23:03:35 America/Sao_Paulo] [AdminController::pedidoCriar] Cliente e veiculo sao obrigatorios.
[03-Oct-2026 01:00:01 America/Sao_Paulo] [cron_tokens] Tokens de reset removidos: 0
[03-Oct-2026 10:05:06 America/Sao_Paulo] [AdminController::pedidoCriar] Cliente e veiculo sao obrigatorios.
[03-Oct-2026 11:01:42 America/Sao_Paulo] [AdminController::pedidoCriar] Cliente e veiculo sao obrigatorios.
[03-Oct-2026 12:12:16 America/Sao_Paulo] PHP Warning:  Undefined variable $provedorHabilitado in C:\xampp\htdocs\guinchafacil\src\Views\admin\pedidonovo_etapa1.php on line 120
[03-Oct-2026 12:12:16 America/Sao_Paulo] PHP Warning:  Undefined variable $provedorHabilitado in C:\xampp\htdocs\guinchafacil\src\Views\admin\pedidonovo_etapa1.php on line 124
[03-Oct-2026 12:12:16 America/Sao_Paulo] PHP Warning:  Undefined variable $provedorHabilitado in C:\xampp\htdocs\guinchafacil\src\Views\admin\pedidonovo_etapa1.php on line 143
[03-Oct-2026 12:12:16 America/Sao_Paulo] PHP Warning:  Undefined variable $provedorHabilitado in C:\xampp\htdocs\guinchafacil\src\Views\admin\pedidonovo_etapa1.php on line 147
[03-Oct-2026 12:12:16 America/Sao_Paulo] PHP Warning:  Undefined variable $provedorHabilitado in C:\xampp\htdocs\guinchafacil\src\Views\admin\pedidonovo_etapa1.php on line 147
[03-Oct-2026 12:25:18 America/Sao_Paulo] PHP Warning:  Undefined variable $provedorHabilitado in C:\xampp\htdocs\guinchafacil\src\Views\admin\partials\_precotacao_funil_admin.php on line 200
[03-Oct-2026 12:25:18 America/Sao_Paulo] PHP Warning:  Undefined variable $provedorHabilitado in C:\xampp\htdocs\guinchafacil\src\Views\admin\partials\_precotacao_funil_admin.php on line 204
[03-Oct-2026 12:25:18 America/Sao_Paulo] PHP Warning:  Undefined variable $provedorHabilitado in C:\xampp\htdocs\guinchafacil\src\Views\admin\partials\_precotacao_funil_admin.php on line 223
[03-Oct-2026 12:25:18 America/Sao_Paulo] PHP Warning:  Undefined variable $provedorHabilitado in C:\xampp\htdocs\guinchafacil\src\Views\admin\partials\_precotacao_funil_admin.php on line 227
[03-Oct-2026 12:25:18 America/Sao_Paulo] PHP Warning:  Undefined variable $provedorHabilitado in C:\xampp\htdocs\guinchafacil\src\Views\admin\partials\_precotacao_funil_admin.php on line 227
[03-Oct-2026 12:32:20 America/Sao_Paulo] PHP Warning:  Undefined variable $provedorHabilitado in C:\xampp\htdocs\guinchafacil\src\Views\admin\partials\_precotacao_funil_admin.php on line 200
[03-Oct-2026 12:32:20 America/Sao_Paulo] PHP Warning:  Undefined variable $provedorHabilitado in C:\xampp\htdocs\guinchafacil\src\Views\admin\partials\_precotacao_funil_admin.php on line 204
[03-Oct-2026 12:32:20 America/Sao_Paulo] PHP Warning:  Undefined variable $provedorHabilitado in C:\xampp\htdocs\guinchafacil\src\Views\admin\partials\_precotacao_funil_admin.php on line 223
[03-Oct-2026 12:32:20 America/Sao_Paulo] PHP Warning:  Undefined variable $provedorHabilitado in C:\xampp\htdocs\guinchafacil\src\Views\admin\partials\_precotacao_funil_admin.php on line 227
[03-Oct-2026 12:32:20 America/Sao_Paulo] PHP Warning:  Undefined variable $provedorHabilitado in C:\xampp\htdocs\guinchafacil\src\Views\admin\partials\_precotacao_funil_admin.php on line 227
[03-Oct-2026 12:32:42 America/Sao_Paulo] [AdminController::pedidoCriar] Cliente e veiculo sao obrigatorios.
[03-Oct-2026 12:34:01 America/Sao_Paulo] PHP Warning:  Undefined variable $provedorHabilitado in C:\xampp\htdocs\guinchafacil\src\Views\admin\partials\_precotacao_funil_admin.php on line 200
[03-Oct-2026 12:34:01 America/Sao_Paulo] PHP Warning:  Undefined variable $provedorHabilitado in C:\xampp\htdocs\guinchafacil\src\Views\admin\partials\_precotacao_funil_admin.php on line 204
[03-Oct-2026 12:34:01 America/Sao_Paulo] PHP Warning:  Undefined variable $provedorHabilitado in C:\xampp\htdocs\guinchafacil\src\Views\admin\partials\_precotacao_funil_admin.php on line 223
[03-Oct-2026 12:34:01 America/Sao_Paulo] PHP Warning:  Undefined variable $provedorHabilitado in C:\xampp\htdocs\guinchafacil\src\Views\admin\partials\_precotacao_funil_admin.php on line 227
[03-Oct-2026 12:34:01 America/Sao_Paulo] PHP Warning:  Undefined variable $provedorHabilitado in C:\xampp\htdocs\guinchafacil\src\Views\admin\partials\_precotacao_funil_admin.php on line 227
[03-Oct-2026 12:36:13 America/Sao_Paulo] [AdminController::pedidoCriar] Cliente e veiculo sao obrigatorios.
[03-Oct-2026 12:42:07 America/Sao_Paulo] PHP Warning:  Undefined variable $provedorHabilitado in C:\xampp\htdocs\guinchafacil\src\Views\admin\partials\_precotacao_funil_admin.php on line 200
[03-Oct-2026 12:42:07 America/Sao_Paulo] PHP Warning:  Undefined variable $provedorHabilitado in C:\xampp\htdocs\guinchafacil\src\Views\admin\partials\_precotacao_funil_admin.php on line 204
[03-Oct-2026 12:42:07 America/Sao_Paulo] PHP Warning:  Undefined variable $provedorHabilitado in C:\xampp\htdocs\guinchafacil\src\Views\admin\partials\_precotacao_funil_admin.php on line 223
[03-Oct-2026 12:42:07 America/Sao_Paulo] PHP Warning:  Undefined variable $provedorHabilitado in C:\xampp\htdocs\guinchafacil\src\Views\admin\partials\_precotacao_funil_admin.php on line 227
[03-Oct-2026 12:42:07 America/Sao_Paulo] PHP Warning:  Undefined variable $provedorHabilitado in C:\xampp\htdocs\guinchafacil\src\Views\admin\partials\_precotacao_funil_admin.php on line 227
[03-Oct-2026 12:42:07 America/Sao_Paulo] [PhotonAddressProvider] httpGet falhou: https://photon.komoot.io/reverse?lat=-22.9068&lon=-43.1729
[03-Oct-2026 12:42:07 America/Sao_Paulo] [PhotonAddressProvider] httpGet falhou: https://photon.komoot.io/reverse?lat=-22.9068&lon=-43.1729
[03-Oct-2026 12:42:12 America/Sao_Paulo] [PhotonAddressProvider] httpGet falhou: https://photon.komoot.io/reverse?lat=-22.897643676978&lon=-43.18404165438
[03-Oct-2026 12:45:06 America/Sao_Paulo] [AdminController::pedidoCriar] Cliente e veiculo sao obrigatorios.
[03-Oct-2026 12:46:01 America/Sao_Paulo] [AdminController::pedidoCriar] Cliente e veiculo sao obrigatorios.
[03-Oct-2026 13:00:13 America/Sao_Paulo] [AdminController::pedidoCriar] Cliente e veiculo sao obrigatorios.
[03-Oct-2026 14:22:16 America/Sao_Paulo] [AdminController::pedidoCriar] Coordenadas de destino fora do limite aceito.
[03-Oct-2026 14:26:30 America/Sao_Paulo] [AdminController::pedidoCriar] Coordenadas de destino fora do limite aceito.
[03-Oct-2026 14:38:14 America/Sao_Paulo] [AdminController::pedidoCriar] Coordenadas de destino fora do limite aceito.
[03-Oct-2026 14:43:19 America/Sao_Paulo] [PhotonAddressProvider] httpGet falhou: https://photon.komoot.io/reverse?lat=-22.895232101336&lon=-43.201601023795
[03-Oct-2026 14:43:44 America/Sao_Paulo] PHP Fatal error:  Cannot redeclare opsNavActive() (previously declared in C:\xampp\htdocs\guinchafacil\src\Views\components\admin_nav_operacional.php:4) in C:\xampp\htdocs\guinchafacil\src\Views\components\admin_nav_operacional.php on line 4
[03-Oct-2026 14:50:08 America/Sao_Paulo] [Pagamento][aplicarDestinoPagamento][error] Migration admin_payment_destination_v1 nÃ£o aplicada: coluna pedidos.forma_pagamento_escolhida ausente. | ctx={"pedido_id":155,"destino":"sem_cobranca","provedor":null}
[03-Oct-2026 14:51:42 America/Sao_Paulo] [Pagamento][aplicarDestinoPagamento][error] Migration admin_payment_destination_v1 nÃ£o aplicada: coluna pedidos.forma_pagamento_escolhida ausente. | ctx={"pedido_id":156,"destino":"pago_na_chegada","provedor":null}
[03-Oct-2026 14:56:05 America/Sao_Paulo] [Pagamento][aplicarDestinoPagamento][applied] Destino financeiro aplicado. | ctx={"pedido_id":157,"destino":"pago_agora","provedor":null,"evento":"pagamento_baixa_manual_registrada"}
[03-Oct-2026 15:09:50 America/Sao_Paulo] [Pagamento][aplicarDestinoPagamento][applied] Destino financeiro aplicado. | ctx={"pedido_id":158,"destino":"online","provedor":"mercadopago","evento":"pagamento_online_definido"}
[03-Oct-2026 15:33:35 America/Sao_Paulo] [AdminController::pedidoCriar] Coordenadas de destino fora do limite aceito.
[03-Oct-2026 15:34:29 America/Sao_Paulo] [AdminController::pedidoCriar] Coordenadas de destino fora do limite aceito.
[03-Oct-2026 15:35:12 America/Sao_Paulo] [AdminController::pedidoCriar] Coordenadas de destino fora do limite aceito.
[03-Oct-2026 15:35:34 America/Sao_Paulo] [AdminController::pedidoCriar] Coordenadas de destino fora do limite aceito.
[03-Oct-2026 16:09:34 America/Sao_Paulo] [Pagamento][aplicarDestinoPagamento][applied] Destino financeiro aplicado. | ctx={"pedido_id":159,"destino":"online","provedor":"mercadopago","evento":"pagamento_online_definido"}
[03-Oct-2026 16:09:34 America/Sao_Paulo] [Pagamento][aplicarDestinoPagamento][applied] Destino financeiro aplicado. | ctx={"pedido_id":160,"destino":"online","provedor":"mercadopago","evento":"pagamento_online_definido"}
[03-Oct-2026 16:17:46 America/Sao_Paulo] [AdminController::pedidoCriar] Coordenadas de destino fora do limite aceito.
[03-Oct-2026 16:22:07 America/Sao_Paulo] [Pagamento][reiniciarTentativa][reused] Linha de pagamento reaproveitada para nova tentativa. | ctx={"pedido_id":161,"pagamento_id":54,"metodo":"mercadopago"}
[03-Oct-2026 16:22:07 America/Sao_Paulo] [MercadoPagoProvider][criarPagamento] Recusado HTTP 400: notificaction_url attribute must be url valid | cause=[{"code":4020,"description":"notificaction_url attribute must be url valid","data":"03-10-2026T19:22:08UTC;d3e71cac-59e2-4e65-ba24-254ac218a485"}]
[03-Oct-2026 16:22:07 America/Sao_Paulo] [PagamentoController][57B6B8C1CE] Falha em MercadoPago no pedido 161: notificaction_url attribute must be url valid | ctx={"status":"recusado","detalhe":{"status_detail":null,"cause":[{"code":4020,"description":"notificaction_url attribute must be url valid","data":"03-10-2026T19:22:08UTC;d3e71cac-59e2-4e65-ba24-254ac218a485"}]}}
[03-Oct-2026 16:44:53 America/Sao_Paulo] [AdminController::pedidoCriar] Coordenadas de destino fora do limite aceito.
